year,month,state_code,deaths,erp,rate_per_100k
2020,7,ACT,1,1.62,61728.39506172839
2020,7,ACT,1,7116.0,14.05283867341203
2020,7,ACT,1,445749.0,0.22434150160740687
2020,7,NSW,24,0.34,7058823.529411764
2020,7,NSW,24,8098905.0,0.29633635658153784
2020,7,NSW,24,27555.0,87.09853021230266
2020,7,NT,4,0.44,909090.9090909092
2020,7,NT,4,247755.0,1.6144981937801455
2020,7,NT,4,1078.0,371.0575139146568
2020,7,QLD,25,1.22,2049180.3278688525
2020,7,QLD,25,62531.0,39.98016983576146
2020,7,QLD,25,5173071.0,0.4832719288020597
2020,7,SA,10,1792178.0,0.5579802899042394
2020,7,SA,10,18172.0,55.02971604666519
2020,7,SA,10,1.02,980392.1568627452
2020,7,TAS,3,9480.0,31.645569620253166
2020,7,TAS,3,559427.0,0.5362629976744061
2020,7,TAS,3,1.72,174418.60465116278
2020,7,VIC,15,6591437.0,0.22756797948611207
2020,7,VIC,15,0.36,4166666.666666667
2020,7,VIC,15,23539.0,63.72403245677386
2020,7,WA,14,2720001.0,0.5147056931229069
2020,7,WA,14,45755.0,30.59774887990384
2020,7,WA,14,1.71,818713.4502923976
2020,8,NSW,26,0.34,7647058.823529412
2020,8,NSW,26,8098905.0,0.3210310529633327
2020,8,NSW,26,27555.0,94.35674106332789
2020,8,NT,5,0.44,1136363.6363636362
2020,8,NT,5,247755.0,2.018122742225182
2020,8,NT,5,1078.0,463.821892393321
2020,8,QLD,27,1.22,2213114.754098361
2020,8,QLD,27,62531.0,43.17858342262238
2020,8,QLD,27,5173071.0,0.5219336831062246
2020,8,SA,5,1792178.0,0.2789901449521197
2020,8,SA,5,18172.0,27.514858023332597
2020,8,SA,5,1.02,490196.0784313726
2020,8,TAS,6,9480.0,63.29113924050633
2020,8,TAS,6,559427.0,1.0725259953488122
2020,8,TAS,6,1.72,348837.20930232556
2020,8,VIC,14,6591437.0,0.21239678085370461
2020,8,VIC,14,0.36,3888888.8888888895
2020,8,VIC,14,23539.0,59.475763626322276
2020,8,WA,13,2720001.0,0.477941000756985
2020,8,WA,13,45755.0,28.412195388482132
2020,8,WA,13,1.71,760233.918128655
2020,9,ACT,2,1.62,123456.79012345678
2020,9,ACT,2,7116.0,28.10567734682406
2020,9,ACT,2,445749.0,0.44868300321481375
2020,9,NSW,29,0.34,8529411.764705881
2020,9,NSW,29,8098905.0,0.3580730975360249
2020,9,NSW,29,27555.0,105.24405733986573
2020,9,QLD,25,1.22,2049180.3278688525
2020,9,QLD,25,62531.0,39.98016983576146
2020,9,QLD,25,5173071.0,0.4832719288020597
2020,9,SA,3,1792178.0,0.1673940869712718
2020,9,SA,3,18172.0,16.50891481399956
2020,9,SA,3,1.02,294117.6470588235
2020,9,VIC,14,6591437.0,0.21239678085370461
2020,9,VIC,14,0.36,3888888.8888888895
2020,9,VIC,14,23539.0,59.475763626322276
2020,9,WA,10,2720001.0,0.36764692365921925
2020,9,WA,10,45755.0,21.855534914217024
2020,9,WA,10,1.71,584795.321637427
2020,10,ACT,1,1.68,59523.80952380953
2020,10,ACT,1,7383.0,13.544629554381688
2020,10,ACT,1,447650.0,0.22338880822070814
2020,10,NSW,17,0.07,24285714.285714284
2020,10,NSW,17,8094300.0,0.21002433811447563
2020,10,NSW,17,5939.0,286.2434753325476
2020,10,NT,3,0.65,461538.4615384615
2020,10,NT,3,247819.0,1.210560933584592
2020,10,NT,3,1606.0,186.79950186799502
2020,10,QLD,30,1.06,2830188.679245283
2020,10,QLD,30,54588.0,54.957133435919985
2020,10,QLD,30,5184329.0,0.57866697888965
2020,10,SA,7,1794514.0,0.39007775921502985
2020,10,SA,7,15586.0,44.91210060310535
2020,10,SA,7,0.88,795454.5454545454
2020,10,TAS,6,8541.0,70.24938531787846
2020,10,TAS,6,561881.0,1.0678417672069354
2020,10,TAS,6,1.54,389610.3896103896
2020,10,VIC,22,6567195.0,0.3349984277914696
2020,10,VIC,22,-0.35,-6285714.285714286
2020,10,VIC,22,-22855.0,-96.25902428352659
2020,10,WA,18,2728187.0,0.6597788201468594
2020,10,WA,18,39388.0,45.69919772519549
2020,10,WA,18,1.46,1232876.7123287672
2020,11,NSW,24,0.07,34285714.28571428
2020,11,NSW,24,8094300.0,0.2965049479263185
2020,11,NSW,24,5939.0,404.10843576359656
2020,11,NT,3,0.65,461538.4615384615
2020,11,NT,3,247819.0,1.210560933584592
2020,11,NT,3,1606.0,186.79950186799502
2020,11,QLD,24,1.06,2264150.943396226
2020,11,QLD,24,54588.0,43.96570674873599
2020,11,QLD,24,5184329.0,0.46293358311171995
2020,11,SA,14,1794514.0,0.7801555184300597
2020,11,SA,14,15586.0,89.8242012062107
2020,11,SA,14,0.88,1590909.0909090908
2020,11,TAS,3,8541.0,35.12469265893923
2020,11,TAS,3,561881.0,0.5339208836034677
2020,11,TAS,3,1.54,194805.1948051948
2020,11,VIC,15,6567195.0,0.22840801894872925
2020,11,VIC,15,-0.35,-4285714.285714286
2020,11,VIC,15,-22855.0,-65.6311529205863
2020,11,WA,19,2728187.0,0.6964331990439072
2020,11,WA,19,39388.0,48.238042043261906
2020,11,WA,19,1.46,1301369.8630136985
2020,12,ACT,1,1.68,59523.80952380953
2020,12,ACT,1,7383.0,13.544629554381688
2020,12,ACT,1,447650.0,0.22338880822070814
2020,12,NSW,22,0.07,31428571.42857143
2020,12,NSW,22,8094300.0,0.271796202265792
2020,12,NSW,22,5939.0,370.43273278329684
2020,12,NT,5,0.65,769230.7692307691
2020,12,NT,5,247819.0,2.01760155597432
2020,12,NT,5,1606.0,311.332503113325
2020,12,QLD,30,1.06,2830188.679245283
2020,12,QLD,30,54588.0,54.957133435919985
2020,12,QLD,30,5184329.0,0.57866697888965
2020,12,SA,8,1794514.0,0.44580315338860554
2020,12,SA,8,15586.0,51.32811497497754
2020,12,SA,8,0.88,909090.9090909092
2020,12,TAS,2,8541.0,23.416461772626157
2020,12,TAS,2,561881.0,0.35594725573564506
2020,12,TAS,2,1.54,129870.12987012987
2020,12,VIC,16,6567195.0,0.24363522021197787
2020,12,VIC,16,-0.35,-4571428.571428572
2020,12,VIC,16,-22855.0,-70.00656311529205
2020,12,WA,11,2728187.0,0.40319816786752527
2020,12,WA,11,39388.0,27.927287498730575
2020,12,WA,11,1.46,753424.6575342466
2021,1,ACT,1,1.48,67567.56756756756
2021,1,ACT,1,6538.0,15.295197308045275
2021,1,ACT,1,449573.0,0.22243328669648757
2021,1,NSW,24,-0.23,-10434782.608695652
2021,1,NSW,24,8093015.0,0.2965520266550847
2021,1,NSW,24,-18986.0,-126.40893289792479
2021,1,NT,3,0.49,612244.8979591837
2021,1,NT,3,248185.0,1.2087757116667002
2021,1,NT,3,1216.0,246.71052631578945
2021,1,QLD,20,0.88,2272727.2727272725
2021,1,QLD,20,45243.0,44.20573348363283
2021,1,QLD,20,5199548.0,0.3846488194743081
2021,1,SA,8,1798586.0,0.44479385472810307
2021,1,SA,8,10739.0,74.49483192103548
2021,1,SA,8,0.6,1333333.3333333335
2021,1,TAS,2,8865.0,22.560631697687533
2021,1,TAS,2,564840.0,0.3540825720558034
2021,1,TAS,2,1.59,125786.16352201258
2021,1,VIC,14,6555302.0,0.21356758239361054
2021,1,VIC,14,-0.93,-1505376.3440860214
2021,1,VIC,14,-61334.0,-22.82583884957772
2021,1,WA,25,2739105.0,0.9127068878337997
2021,1,WA,25,32755.0,76.3242253091131
2021,1,WA,25,1.21,2066115.702479339
2021,2,ACT,2,1.48,135135.13513513512
2021,2,ACT,2,6538.0,30.59039461609055
2021,2,ACT,2,449573.0,0.44486657339297514
2021,2,NSW,26,-0.23,-11304347.826086957
2021,2,NSW,26,8093015.0,0.32126469554300835
2021,2,NSW,26,-18986.0,-136.9430106394185
2021,2,QLD,28,0.88,3181818.1818181816
2021,2,QLD,28,45243.0,61.888026877085956
2021,2,QLD,28,5199548.0,0.5385083472640314
2021,2,SA,9,1798586.0,0.500393086569116
2021,2,SA,9,10739.0,83.80668591116492
2021,2,SA,9,0.6,1500000.0
2021,2,TAS,1,8865.0,11.280315848843767
2021,2,TAS,1,564840.0,0.1770412860279017
2021,2,TAS,1,1.59,62893.08176100629
2021,2,VIC,21,6555302.0,0.3203513735904158
2021,2,VIC,21,-0.93,-2258064.5161290322
2021,2,VIC,21,-61334.0,-34.23875827436658
2021,2,WA,8,2739105.0,0.29206620410681594
2021,2,WA,8,32755.0,24.423752098916196
2021,2,WA,8,1.21,661157.0247933884
2021,3,ACT,1,1.48,67567.56756756756
2021,3,ACT,1,6538.0,15.295197308045275
2021,3,ACT,1,449573.0,0.22243328669648757
2021,3,NSW,20,-0.23,-8695652.173913043
2021,3,NSW,20,8093015.0,0.24712668887923722
2021,3,NSW,20,-18986.0,-105.34077741493732
2021,3,NT,2,0.49,408163.2653061225
2021,3,NT,2,248185.0,0.8058504744444669
2021,3,NT,2,1216.0,164.4736842105263
2021,3,QLD,28,0.88,3181818.1818181816
2021,3,QLD,28,45243.0,61.888026877085956
2021,3,QLD,28,5199548.0,0.5385083472640314
2021,3,SA,14,1798586.0,0.7783892457741803
2021,3,SA,14,10739.0,130.3659558618121
2021,3,SA,14,0.6,2333333.3333333335
2021,3,VIC,24,6555302.0,0.3661158555319038
2021,3,VIC,24,-0.93,-2580645.1612903224
2021,3,VIC,24,-61334.0,-39.130009456418954
2021,3,WA,11,2739105.0,0.4015910306468719
2021,3,WA,11,32755.0,33.58265913600977
2021,3,WA,11,1.21,909090.9090909092
2021,4,ACT,1,1.71,58479.53216374269
2021,4,ACT,1,7605.0,13.149243918474687
2021,4,ACT,1,452508.0,0.22099056812255255
2021,4,NSW,25,-0.17,-14705882.352941176
2021,4,NSW,25,8097062.0,0.3087539653271767
2021,4,NSW,25,-13548.0,-184.52908178328906
2021,4,NT,2,0.29,689655.1724137932
2021,4,NT,2,248151.0,0.8059608867181676
2021,4,NT,2,723.0,276.6251728907331
2021,4,QLD,17,0.97,1752577.319587629
2021,4,QLD,17,50201.0,33.863867253640365
2021,4,QLD,17,5215814.0,0.3259318679692182
2021,4,SA,8,1802601.0,0.4438031488942922
2021,4,SA,8,12246.0,65.32745386248571
2021,4,SA,8,0.68,1176470.588235294
2021,4,TAS,6,9661.0,62.10537211468792
2021,4,TAS,6,567239.0,1.057755196663135
2021,4,TAS,6,1.73,346820.8092485549
2021,4,VIC,14,6547822.0,0.2138115544374908
2021,4,VIC,14,-1.02,-1372549.0196078431
2021,4,VIC,14,-67224.0,-20.82589551350708
2021,4,WA,12,2749365.0,0.4364644199660649
2021,4,WA,12,36453.0,32.91910130853427
2021,4,WA,12,1.34,895522.3880597014
2021,5,NSW,21,-0.17,-12352941.176470587
2021,5,NSW,21,8097062.0,0.2593533308748284
2021,5,NSW,21,-13548.0,-155.0044286979628
2021,5,NT,4,0.29,1379310.3448275863
2021,5,NT,4,248151.0,1.6119217734363351
2021,5,NT,4,723.0,553.2503457814662
2021,5,QLD,16,0.97,1649484.5360824745
2021,5,QLD,16,50201.0,31.871875062249753
2021,5,QLD,16,5215814.0,0.3067594051474995
2021,5,SA,5,1802601.0,0.27737696805893264
2021,5,SA,5,12246.0,40.82965866405357
2021,5,SA,5,0.68,735294.1176470588
2021,5,TAS,3,9661.0,31.05268605734396
2021,5,TAS,3,567239.0,0.5288775983315674
2021,5,TAS,3,1.73,173410.40462427746
2021,5,VIC,14,6547822.0,0.2138115544374908
2021,5,VIC,14,-1.02,-1372549.0196078431
2021,5,VIC,14,-67224.0,-20.82589551350708
2021,5,WA,16,2749365.0,0.5819525599547531
2021,5,WA,16,36453.0,43.892135078045705
2021,5,WA,16,1.34,1194029.8507462686
2021,6,ACT,1,1.71,58479.53216374269
2021,6,ACT,1,7605.0,13.149243918474687
2021,6,ACT,1,452508.0,0.22099056812255255
2021,6,NSW,29,-0.17,-17058823.529411763
2021,6,NSW,29,8097062.0,0.35815459977952496
2021,6,NSW,29,-13548.0,-214.0537348686153
2021,6,NT,6,0.29,2068965.5172413792
2021,6,NT,6,248151.0,2.4178826601545027
2021,6,NT,6,723.0,829.8755186721992
2021,6,QLD,26,0.97,2680412.371134021
2021,6,QLD,26,50201.0,51.79179697615585
2021,6,QLD,26,5215814.0,0.4984840333646867
2021,6,SA,8,1802601.0,0.4438031488942922
2021,6,SA,8,12246.0,65.32745386248571
2021,6,SA,8,0.68,1176470.588235294
2021,6,TAS,2,9661.0,20.701790704895974
2021,6,TAS,2,567239.0,0.3525850655543783
2021,6,TAS,2,1.73,115606.93641618498
2021,6,VIC,20,6547822.0,0.305445077767844
2021,6,VIC,20,-1.02,-1960784.3137254904
2021,6,VIC,20,-67224.0,-29.751279305010115
2021,6,WA,12,2749365.0,0.4364644199660649
2021,6,WA,12,36453.0,32.91910130853427
2021,6,WA,12,1.34,895522.3880597014
2021,7,ACT,1,1.72,58139.53488372093
2021,7,ACT,1,7649.0,13.073604392731077
2021,7,ACT,1,453398.0,0.22055677351907155
2021,7,NSW,18,-0.03,-60000000.0
2021,7,NSW,18,8096719.0,0.22231227241553028
2021,7,NSW,18,-2186.0,-823.4217749313815
2021,7,NT,5,0.69,724637.6811594203
2021,7,NT,5,249465.0,2.0042891788427237
2021,7,NT,5,1710.0,292.39766081871346
2021,7,QLD,32,1.1,2909090.909090909
2021,7,QLD,32,56958.0,56.18174795463324
2021,7,QLD,32,5230029.0,0.611851291837961
2021,7,SA,9,1803789.0,0.4989497108586426
2021,7,SA,9,11611.0,77.51270347084662
2021,7,SA,9,0.65,1384615.3846153845
2021,7,TAS,7,8402.0,83.3134967864794
2021,7,TAS,7,567829.0,1.2327654980636777
2021,7,TAS,7,1.5,466666.6666666667
2021,7,VIC,20,6543116.0,0.30566476278274757
2021,7,VIC,20,-0.73,-2739726.02739726
2021,7,VIC,20,-48321.0,-41.38987189834647
2021,7,WA,15,2755583.0,0.544349417165079
2021,7,WA,15,35582.0,42.156146366140185
2021,7,WA,15,1.31,1145038.1679389314
2021,8,ACT,1,1.72,58139.53488372093
2021,8,ACT,1,7649.0,13.073604392731077
2021,8,ACT,1,453398.0,0.22055677351907155
2021,8,NSW,16,-0.03,-53333333.333333336
2021,8,NSW,16,8096719.0,0.1976109088138047
2021,8,NSW,16,-2186.0,-731.9304666056724
2021,8,NT,3,0.69,434782.6086956522
2021,8,NT,3,249465.0,1.202573507305634
2021,8,NT,3,1710.0,175.43859649122808
2021,8,QLD,22,1.1,2000000.0
2021,8,QLD,22,56958.0,38.62495171881035
2021,8,QLD,22,5230029.0,0.4206477631385983
2021,8,SA,4,1803789.0,0.22175542704828557
2021,8,SA,4,11611.0,34.45009043148738
2021,8,SA,4,0.65,615384.6153846154
2021,8,TAS,5,8402.0,59.509640561771
2021,8,TAS,5,567829.0,0.8805467843311983
2021,8,TAS,5,1.5,333333.3333333334
2021,8,VIC,17,6543116.0,0.2598150483653354
2021,8,VIC,17,-0.73,-2328767.1232876712
2021,8,VIC,17,-48321.0,-35.1813911135945
2021,8,WA,11,2755583.0,0.3991895725877246
2021,8,WA,11,35582.0,30.914507335169464
2021,8,WA,11,1.31,839694.6564885497
2021,9,ACT,1,1.72,58139.53488372093
2021,9,ACT,1,7649.0,13.073604392731077
2021,9,ACT,1,453398.0,0.22055677351907155
2021,9,NSW,16,-0.03,-53333333.333333336
2021,9,NSW,16,8096719.0,0.1976109088138047
2021,9,NSW,16,-2186.0,-731.9304666056724
2021,9,NT,1,0.69,144927.5362318841
2021,9,NT,1,249465.0,0.4008578357685447
2021,9,NT,1,1710.0,58.47953216374269
2021,9,QLD,16,1.1,1454545.4545454546
2021,9,QLD,16,56958.0,28.09087397731662
2021,9,QLD,16,5230029.0,0.3059256459189805
2021,9,SA,8,1803789.0,0.44351085409657115
2021,9,SA,8,11611.0,68.90018086297476
2021,9,SA,8,0.65,1230769.2307692308
2021,9,TAS,3,8402.0,35.7057843370626
2021,9,TAS,3,567829.0,0.5283280705987189
2021,9,TAS,3,1.5,200000.0
2021,9,VIC,21,6543116.0,0.3209480009218849
2021,9,VIC,21,-0.73,-2876712.328767123
2021,9,VIC,21,-48321.0,-43.4593654932638
2021,9,WA,18,2755583.0,0.6532193005980949
2021,9,WA,18,35582.0,50.58737563936822
2021,9,WA,18,1.31,1374045.8015267174
2021,10,NSW,26,0.28,9285714.285714285
2021,10,NSW,26,8117057.0,0.32031313812382983
2021,10,NSW,26,22757.0,114.25056026717053
2021,10,NT,3,1.08,277777.77777777775
2021,10,NT,3,250500.0,1.1976047904191618
2021,10,NT,3,2681.0,111.89854531891085
2021,10,QLD,36,1.26,2857142.8571428573
2021,10,QLD,36,65343.0,55.09388916945962
2021,10,QLD,36,5249672.0,0.6857571292073105
2021,10,SA,10,1807839.0,0.5531466021033953
2021,10,SA,10,13325.0,75.046904315197
2021,10,SA,10,0.74,1351351.3513513515
2021,10,TAS,1,7728.0,12.939958592132506
2021,10,TAS,1,569609.0,0.17555902382160396
2021,10,TAS,1,1.38,72463.76811594205
2021,10,VIC,18,6555013.0,0.27459899774416924
2021,10,VIC,18,-0.19,-9473684.210526315
2021,10,VIC,18,-12182.0,-147.75898867181087
2021,10,WA,10,2763240.0,0.36189400848279557
2021,10,WA,10,35053.0,28.528228682281114
2021,10,WA,10,1.28,781250.0
2021,11,NSW,22,0.28,7857142.857142857
2021,11,NSW,22,8117057.0,0.2710341937970868
2021,11,NSW,22,22757.0,96.67355099529814
2021,11,NT,1,1.08,92592.59259259258
2021,11,NT,1,250500.0,0.3992015968063873
2021,11,NT,1,2681.0,37.29951510630362
2021,11,QLD,22,1.26,1746031.7460317458
2021,11,QLD,22,65343.0,33.66848782578088
2021,11,QLD,22,5249672.0,0.4190738011822453
2021,11,SA,9,1807839.0,0.49783194189305574
2021,11,SA,9,13325.0,67.54221388367729
2021,11,SA,9,0.74,1216216.2162162163
2021,11,TAS,2,7728.0,25.87991718426501
2021,11,TAS,2,569609.0,0.3511180476432079
2021,11,TAS,2,1.38,144927.5362318841
2021,11,VIC,24,6555013.0,0.36613199699222565
2021,11,VIC,24,-0.19,-12631578.94736842
2021,11,VIC,24,-12182.0,-197.01198489574784
2021,11,WA,14,2763240.0,0.5066516118759138
2021,11,WA,14,35053.0,39.93952015519356
2021,11,WA,14,1.28,1093750.0
2021,12,ACT,2,1.87,106951.87165775399
2021,12,ACT,2,8355.0,23.937761819269898
2021,12,ACT,2,456005.0,0.4385916821087488
2021,12,NSW,32,0.28,11428571.428571427
2021,12,NSW,32,8117057.0,0.39423155461394443
2021,12,NSW,32,22757.0,140.61607417497913
2021,12,NT,5,1.08,462962.962962963
2021,12,NT,5,250500.0,1.9960079840319362
2021,12,NT,5,2681.0,186.4975755315181
2021,12,QLD,14,1.26,1111111.111111111
2021,12,QLD,14,65343.0,21.425401343678743
2021,12,QLD,14,5249672.0,0.26668332802506517
2021,12,SA,7,1807839.0,0.38720262147237666
2021,12,SA,7,13325.0,52.5328330206379
2021,12,SA,7,0.74,945945.9459459459
2021,12,TAS,4,7728.0,51.75983436853002
2021,12,TAS,4,569609.0,0.7022360952864158
2021,12,TAS,4,1.38,289855.0724637682
2021,12,VIC,24,6555013.0,0.36613199699222565
2021,12,VIC,24,-0.19,-12631578.94736842
2021,12,VIC,24,-12182.0,-197.01198489574784
2021,12,WA,14,2763240.0,0.5066516118759138
2021,12,WA,14,35053.0,39.93952015519356
2021,12,WA,14,1.28,1093750.0
2022,1,ACT,2,2.22,90090.09009009007
2022,1,ACT,2,9983.0,20.034057898427324
2022,1,ACT,2,459556.0,0.4352026738852284
2022,1,NSW,28,0.74,3783783.7837837837
2022,1,NSW,28,8153203.0,0.34342331473900506
2022,1,NSW,28,60188.0,46.52090117631422
2022,1,NT,3,1.58,189873.41772151898
2022,1,NT,3,252107.0,1.1899709250437314
2022,1,NT,3,3922.0,76.4915859255482
2022,1,QLD,19,1.61,1180124.2236024844
2022,1,QLD,19,83931.0,22.637642825654407
2022,1,QLD,19,5283479.0,0.35961153626237563
2022,1,SA,4,1818356.0,0.2199789260188874
2022,1,SA,4,19770.0,20.23267577137076
2022,1,SA,4,1.1,363636.36363636365
2022,1,TAS,3,6544.0,45.84352078239609
2022,1,TAS,3,571384.0,0.5250409531943492
2022,1,TAS,3,1.16,258620.6896551724
2022,1,VIC,23,6591580.0,0.34892999857393825
2022,1,VIC,23,0.55,4181818.181818181
2022,1,VIC,23,36278.0,63.39930536413253
2022,1,WA,10,2778421.0,0.3599166576987433
2022,1,WA,10,39316.0,25.43493743005392
2022,1,WA,10,1.44,694444.4444444445
2022,2,ACT,1,2.22,45045.04504504504
2022,2,ACT,1,9983.0,10.017028949213662
2022,2,ACT,1,459556.0,0.2176013369426142
2022,2,NSW,26,0.74,3513513.513513514
2022,2,NSW,26,8153203.0,0.3188930779719333
2022,2,NSW,26,60188.0,43.197979663720346
2022,2,NT,7,1.58,443037.97468354425
2022,2,NT,7,252107.0,2.77659882510204
2022,2,NT,7,3922.0,178.48036715961243
2022,2,QLD,35,1.61,2173913.0434782607
2022,2,QLD,35,83931.0,41.700920994626536
2022,2,QLD,35,5283479.0,0.6624423036412183
2022,2,SA,8,1818356.0,0.4399578520377748
2022,2,SA,8,19770.0,40.46535154274152
2022,2,SA,8,1.1,727272.7272727273
2022,2,TAS,3,6544.0,45.84352078239609
2022,2,TAS,3,571384.0,0.5250409531943492
2022,2,TAS,3,1.16,258620.6896551724
2022,2,VIC,24,6591580.0,0.364100868077153
2022,2,VIC,24,0.55,4363636.363636363
2022,2,VIC,24,36278.0,66.15579690170351
2022,2,WA,7,2778421.0,0.2519416603891203
2022,2,WA,7,39316.0,17.804456201037745
2022,2,WA,7,1.44,486111.1111111112
2022,3,NSW,28,0.74,3783783.7837837837
2022,3,NSW,28,8153203.0,0.34342331473900506
2022,3,NSW,28,60188.0,46.52090117631422
2022,3,NT,3,1.58,189873.41772151898
2022,3,NT,3,252107.0,1.1899709250437314
2022,3,NT,3,3922.0,76.4915859255482
2022,3,QLD,21,1.61,1304347.8260869565
2022,3,QLD,21,83931.0,25.020552596775925
2022,3,QLD,21,5283479.0,0.39746538218473093
2022,3,SA,5,1818356.0,0.27497365752360925
2022,3,SA,5,19770.0,25.290844714213456
2022,3,SA,5,1.1,454545.4545454545
2022,3,TAS,6,6544.0,91.68704156479218
2022,3,TAS,6,571384.0,1.0500819063886984
2022,3,TAS,6,1.16,517241.3793103448
2022,3,VIC,17,6591580.0,0.25790478155465
2022,3,VIC,17,0.55,3090909.090909091
2022,3,VIC,17,36278.0,46.860356138706656
2022,3,WA,15,2778421.0,0.5398749865481149
2022,3,WA,15,39316.0,38.15240614508089
2022,3,WA,15,1.44,1041666.6666666667
2022,4,ACT,2,1.93,103626.94300518135
2022,4,ACT,2,8754.0,22.84669865204478
2022,4,ACT,2,461262.0,0.43359305557362193
2022,4,NSW,27,1.05,2571428.5714285714
2022,4,NSW,27,8182098.0,0.329988714385968
2022,4,NSW,27,85036.0,31.75125829060633
2022,4,NT,4,1.99,201005.02512562813
2022,4,NT,4,253100.0,1.5804030027657054
2022,4,NT,4,4949.0,80.8244089715094
2022,4,QLD,18,1.82,989010.9890109891
2022,4,QLD,18,95091.0,18.929236205319114
2022,4,QLD,18,5310905.0,0.3389252867449145
2022,4,SA,9,1824969.0,0.49315906187995523
2022,4,SA,9,22368.0,40.23605150214592
2022,4,SA,9,1.24,725806.4516129032
2022,4,TAS,7,5061.0,138.31258644536655
2022,4,TAS,7,572300.0,1.2231347195526823
2022,4,TAS,7,0.89,786516.8539325843
2022,4,VIC,19,6615232.0,0.28721592833025356
2022,4,VIC,19,1.03,1844660.1941747575
2022,4,VIC,19,67410.0,28.18572912030856
2022,4,WA,16,2793934.0,0.572669218385259
2022,4,WA,16,44569.0,35.89939195404878
2022,4,WA,16,1.62,987654.3209876543
2022,5,ACT,4,1.93,207253.8860103627
2022,5,ACT,4,8754.0,45.69339730408956
2022,5,ACT,4,461262.0,0.8671861111472439
2022,5,NSW,21,1.05,2000000.0
2022,5,NSW,21,8182098.0,0.256657888966864
2022,5,NSW,21,85036.0,24.69542311491604
2022,5,NT,5,1.99,251256.2814070352
2022,5,NT,5,253100.0,1.9755037534571316
2022,5,NT,5,4949.0,101.03051121438675
2022,5,QLD,35,1.82,1923076.923076923
2022,5,QLD,35,95091.0,36.80684817700939
2022,5,QLD,35,5310905.0,0.6590213908928892
2022,5,SA,7,1824969.0,0.3835681592399652
2022,5,SA,7,22368.0,31.294706723891274
2022,5,SA,7,1.24,564516.1290322581
2022,5,TAS,8,5061.0,158.07152736613318
2022,5,TAS,8,572300.0,1.397868250917351
2022,5,TAS,8,0.89,898876.4044943821
2022,5,VIC,14,6615232.0,0.21163278929597631
2022,5,VIC,14,1.03,1359223.3009708738
2022,5,VIC,14,67410.0,20.768431983385256
2022,5,WA,10,2793934.0,0.3579182614907868
2022,5,WA,10,44569.0,22.437119971280488
2022,5,WA,10,1.62,617283.9506172839
2022,6,ACT,1,1.93,51813.47150259068
2022,6,ACT,1,8754.0,11.42334932602239
2022,6,ACT,1,461262.0,0.21679652778681097
2022,6,NSW,20,1.05,1904761.9047619049
2022,6,NSW,20,8182098.0,0.24443608473034667
2022,6,NSW,20,85036.0,23.51945058563432
2022,6,NT,5,1.99,251256.2814070352
2022,6,NT,5,253100.0,1.9755037534571316
2022,6,NT,5,4949.0,101.03051121438675
2022,6,QLD,22,1.82,1208791.2087912087
2022,6,QLD,22,95091.0,23.135733139834475
2022,6,QLD,22,5310905.0,0.4142420171326733
2022,6,SA,5,1824969.0,0.2739772565999751
2022,6,SA,5,22368.0,22.353361945636625
2022,6,SA,5,1.24,403225.8064516129
2022,6,TAS,3,5061.0,59.276822762299936
2022,6,TAS,3,572300.0,0.5242005940940067
2022,6,TAS,3,0.89,337078.65168539324
2022,6,VIC,22,6615232.0,0.3325658117508199
2022,6,VIC,22,1.03,2135922.3300970877
2022,6,VIC,22,67410.0,32.63610740246254
2022,6,WA,15,2793934.0,0.5368773922361803
2022,6,WA,15,44569.0,33.65567995692073
2022,6,WA,15,1.62,925925.925925926
2022,7,NSW,12,1.57,764331.2101910828
2022,7,NSW,12,8223908.0,0.14591602921628016
2022,7,NSW,12,127189.0,9.4347781647784
2022,7,NT,4,1.98,202020.20202020204
2022,7,NT,4,254404.0,1.57230232229053
2022,7,NT,4,4939.0,80.98805426199635
2022,7,QLD,21,2.15,976744.1860465116
2022,7,QLD,21,112288.0,18.701909375890565
2022,7,QLD,21,5342317.0,0.3930878680542544
2022,7,SA,5,1833331.0,0.2727276198351525
2022,7,SA,5,29542.0,16.925055852684316
2022,7,SA,5,1.64,304878.0487804878
2022,7,TAS,4,4961.0,80.62890546260834
2022,7,TAS,4,572790.0,0.698336213970216
2022,7,TAS,4,0.87,459770.1149425287
2022,7,VIC,20,6657690.0,0.300404494652049
2022,7,VIC,20,1.75,1142857.142857143
2022,7,VIC,20,114574.0,17.455967322429174
2022,7,WA,10,2815907.0,0.3551253645805774
2022,7,WA,10,60324.0,16.57715005636231
2022,7,WA,10,2.19,456621.0045662101
2022,8,ACT,1,2.34,42735.04273504274
2022,8,ACT,1,10617.0,9.41885655081473
2022,8,ACT,1,464015.0,0.2155102744523345
2022,8,NSW,15,1.57,955414.0127388533
2022,8,NSW,15,8223908.0,0.1823950365203502
2022,8,NSW,15,127189.0,11.793472705973
2022,8,NT,8,1.98,404040.4040404041
2022,8,NT,8,254404.0,3.14460464458106
2022,8,NT,8,4939.0,161.9761085239927
2022,8,QLD,26,2.15,1209302.3255813953
2022,8,QLD,26,112288.0,23.154744941578798
2022,8,QLD,26,5342317.0,0.48668021759098157
2022,8,SA,5,1833331.0,0.2727276198351525
2022,8,SA,5,29542.0,16.925055852684316
2022,8,SA,5,1.64,304878.0487804878
2022,8,TAS,4,4961.0,80.62890546260834
2022,8,TAS,4,572790.0,0.698336213970216
2022,8,TAS,4,0.87,459770.1149425287
2022,8,VIC,19,6657690.0,0.28538426991944654
2022,8,VIC,19,1.75,1085714.2857142857
2022,8,VIC,19,114574.0,16.583168956307716
2022,8,WA,17,2815907.0,0.6037131197869816
2022,8,WA,17,60324.0,28.181155095815928
2022,8,WA,17,2.19,776255.7077625571
2022,9,ACT,1,2.34,42735.04273504274
2022,9,ACT,1,10617.0,9.41885655081473
2022,9,ACT,1,464015.0,0.2155102744523345
2022,9,NSW,33,1.57,2101910.8280254775
2022,9,NSW,33,8223908.0,0.4012690803447704
2022,9,NSW,33,127189.0,25.945639953140603
2022,9,NT,1,1.98,50505.05050505051
2022,9,NT,1,254404.0,0.3930755805726325
2022,9,NT,1,4939.0,20.24701356549909
2022,9,QLD,25,2.15,1162790.6976744188
2022,9,QLD,25,112288.0,22.264177828441152
2022,9,QLD,25,5342317.0,0.46796174768363613
2022,9,SA,7,1833331.0,0.3818186677692135
2022,9,SA,7,29542.0,23.69507819375804
2022,9,SA,7,1.64,426829.26829268294
2022,9,TAS,3,4961.0,60.47167909695626
2022,9,TAS,3,572790.0,0.5237521604776619
2022,9,TAS,3,0.87,344827.5862068966
2022,9,VIC,28,6657690.0,0.4205662925128686
2022,9,VIC,28,1.75,1600000.0
2022,9,VIC,28,114574.0,24.438354251400842
2022,9,WA,20,2815907.0,0.7102507291611548
2022,9,WA,20,60324.0,33.15430011272462
2022,9,WA,20,2.19,913242.0091324202
2022,10,ACT,6,2.16,277777.77777777775
2022,10,ACT,6,9868.0,60.80259424402108
2022,10,ACT,6,465873.0,1.2879046435401922
2022,10,NSW,20,1.81,1104972.3756906078
2022,10,NSW,20,8264048.0,0.2420121470736859
2022,10,NSW,20,146991.0,13.606275214128756
2022,10,NT,4,1.91,209424.0837696335
2022,10,NT,4,255294.0,1.5668209985350223
2022,10,NT,4,4794.0,83.43763037129746
2022,10,QLD,18,2.42,743801.652892562
2022,10,QLD,18,127006.0,14.172558776750705
2022,10,QLD,18,5376678.0,0.3347792075329786
2022,10,SA,3,1840187.0,0.1630269097651489
2022,10,SA,3,32348.0,9.27414368739953
2022,10,SA,3,1.79,167597.7653631285
2022,10,TAS,5,3734.0,133.90465988216388
2022,10,TAS,5,573343.0,0.8720783196097275
2022,10,TAS,5,0.66,757575.7575757576
2022,10,VIC,19,6700395.0,0.2835653718922541
2022,10,VIC,19,2.22,855855.8558558557
2022,10,VIC,19,145382.0,13.069018172813692
2022,10,WA,14,2839523.0,0.4930405564596589
2022,10,WA,14,76283.0,18.352712924242624
2022,10,WA,14,2.76,507246.37681159424
2022,11,NSW,24,1.81,1325966.8508287293
2022,11,NSW,24,8264048.0,0.2904145764884231
2022,11,NSW,24,146991.0,16.327530256954507
2022,11,NT,2,1.91,104712.04188481675
2022,11,NT,2,255294.0,0.7834104992675112
2022,11,NT,2,4794.0,41.71881518564873
2022,11,QLD,30,2.42,1239669.4214876033
2022,11,QLD,30,127006.0,23.62093129458451
2022,11,QLD,30,5376678.0,0.5579653458882976
2022,11,SA,5,1840187.0,0.2717115162752481
2022,11,SA,5,32348.0,15.456906145665885
2022,11,SA,5,1.79,279329.6089385475
2022,11,TAS,4,3734.0,107.12372790573112
2022,11,TAS,4,573343.0,0.6976626556877821
2022,11,TAS,4,0.66,606060.6060606061
2022,11,VIC,20,6700395.0,0.2984898651497412
2022,11,VIC,20,2.22,900900.9009009007
2022,11,VIC,20,145382.0,13.756861234540729
2022,11,WA,17,2839523.0,0.5986921042724429
2022,11,WA,17,76283.0,22.285437122294613
2022,11,WA,17,2.76,615942.0289855073
2022,12,NSW,27,1.81,1491712.7071823203
2022,12,NSW,27,8264048.0,0.326716398549476
2022,12,NSW,27,146991.0,18.36847153907382
2022,12,NT,1,1.91,52356.02094240837
2022,12,NT,1,255294.0,0.3917052496337556
2022,12,NT,1,4794.0,20.859407592824365
2022,12,QLD,27,2.42,1115702.4793388431
2022,12,QLD,27,127006.0,21.258838165126058
2022,12,QLD,27,5376678.0,0.5021688112994678
2022,12,SA,8,1840187.0,0.434738426040397
2022,12,SA,8,32348.0,24.731049833065413
2022,12,SA,8,1.79,446927.37430167594
2022,12,TAS,1,3734.0,26.78093197643278
2022,12,TAS,1,573343.0,0.17441566392194552
2022,12,TAS,1,0.66,151515.15151515152
2022,12,VIC,15,6700395.0,0.22386739886230586
2022,12,VIC,15,2.22,675675.6756756756
2022,12,VIC,15,145382.0,10.317645925905545
2022,12,WA,24,2839523.0,0.8452123825022725
2022,12,WA,24,76283.0,31.46179358441593
2022,12,WA,24,2.76,869565.2173913044
2023,1,ACT,1,2.1,47619.04761904762
2023,1,ACT,1,9629.0,10.385294423096894
2023,1,ACT,1,469185.0,0.21313554354891995
2023,1,NSW,22,2.01,1094527.3631840798
2023,1,NSW,22,8317329.0,0.264507992890506
2023,1,NSW,22,164126.0,13.404335693308798
2023,1,NT,1,1.73,57803.46820809249
2023,1,NT,1,256466.0,0.38991523242847004
2023,1,NT,1,4359.0,22.941041523285158
2023,1,QLD,23,2.5,919999.9999999999
2023,1,QLD,23,132307.0,17.38381189203897
2023,1,QLD,23,5415786.0,0.4246844317703838
2023,1,SA,11,1851014.0,0.5942688710079989
2023,1,SA,11,32658.0,33.682405536162655
2023,1,SA,11,1.8,611111.1111111111
2023,1,TAS,3,2452.0,122.34910277324632
2023,1,TAS,3,573836.0,0.5227974543249291
2023,1,TAS,3,0.43,697674.4186046511
2023,1,VIC,32,6757251.0,0.473565359641073
2023,1,VIC,32,2.51,1274900.3984063745
2023,1,VIC,32,165671.0,19.315390140700547
2023,1,WA,13,2868478.0,0.45320201165914464
2023,1,WA,13,90057.0,14.435302086456355
2023,1,WA,13,3.24,401234.56790123455
2023,2,ACT,1,2.1,47619.04761904762
2023,2,ACT,1,9629.0,10.385294423096894
2023,2,ACT,1,469185.0,0.21313554354891995
2023,2,NSW,21,2.01,1044776.1194029852
2023,2,NSW,21,8317329.0,0.252484902304574
2023,2,NSW,21,164126.0,12.795047707249308
2023,2,QLD,16,2.5,640000.0
2023,2,QLD,16,132307.0,12.093086533592327
2023,2,QLD,16,5415786.0,0.29543264818809306
2023,2,SA,13,1851014.0,0.7023177566458169
2023,2,SA,13,32658.0,39.80647927001041
2023,2,SA,13,1.8,722222.2222222222
2023,2,TAS,3,2452.0,122.34910277324632
2023,2,TAS,3,573836.0,0.5227974543249291
2023,2,TAS,3,0.43,697674.4186046511
2023,2,VIC,26,6757251.0,0.38477185470837183
2023,2,VIC,26,2.51,1035856.5737051794
2023,2,VIC,26,165671.0,15.693754489319193
2023,2,WA,9,2868478.0,0.3137552388409463
2023,2,WA,9,90057.0,9.993670675239017
2023,2,WA,9,3.24,277777.77777777775
2023,3,NSW,35,2.01,1741293.5323383084
2023,3,NSW,35,8317329.0,0.4208081705076233
2023,3,NSW,35,164126.0,21.32507951208218
2023,3,NT,2,1.73,115606.93641618498
2023,3,NT,2,256466.0,0.7798304648569401
2023,3,NT,2,4359.0,45.882083046570315
2023,3,QLD,19,2.5,760000.0
2023,3,QLD,19,132307.0,14.360540258640889
2023,3,QLD,19,5415786.0,0.35082626972336056
2023,3,SA,17,1851014.0,0.9184155279214528
2023,3,SA,17,32658.0,52.05462673770592
2023,3,SA,17,1.8,944444.4444444445
2023,3,TAS,2,2452.0,81.56606851549756
2023,3,TAS,2,573836.0,0.3485316362166194
2023,3,TAS,2,0.43,465116.27906976745
2023,3,VIC,21,6757251.0,0.31077726726445415
2023,3,VIC,21,2.51,836653.3864541834
2023,3,VIC,21,165671.0,12.675724779834733
2023,3,WA,16,2868478.0,0.5577870912727935
2023,3,WA,16,90057.0,17.76652564486936
2023,3,WA,16,3.24,493827.16049382713
2023,4,NSW,34,2.13,1596244.131455399
2023,4,NSW,34,8356387.0,0.4068744063672494
2023,4,NSW,34,174289.0,19.50782895076568
2023,4,NT,1,1.74,57471.26436781609
2023,4,NT,1,257508.0,0.38833744971030026
2023,4,NT,1,4408.0,22.686025408348456
2023,4,QLD,18,2.62,687022.9007633587
2023,4,QLD,18,139330.0,12.91896935333381
2023,4,QLD,18,5450235.0,0.3302609887463568
2023,4,SA,6,1857646.0,0.3229894177900418
2023,4,SA,6,32677.0,18.3615386969428
2023,4,SA,6,1.79,335195.530726257
2023,4,TAS,2,1431.0,139.7624039133473
2023,4,TAS,2,573731.0,0.34859542189632425
2023,4,TAS,2,0.25,800000.0
2023,4,VIC,20,6797169.0,0.2942401461549654
2023,4,VIC,20,2.75,727272.7272727273
2023,4,VIC,20,181937.0,10.992816194616818
2023,4,WA,11,2890936.0,0.3804996028967781
2023,4,WA,11,97002.0,11.339972371703677
2023,4,WA,11,3.47,317002.88184438035
2023,5,NSW,23,2.13,1079812.20657277
2023,5,NSW,23,8356387.0,0.2752385690131393
2023,5,NSW,23,174289.0,13.196472525517963
2023,5,QLD,28,2.62,1068702.290076336
2023,5,QLD,28,139330.0,20.096174549630373
2023,5,QLD,28,5450235.0,0.5137393158276662
2023,5,SA,11,1857646.0,0.5921472659484099
2023,5,SA,11,32677.0,33.662820944395136
2023,5,SA,11,1.79,614525.1396648044
2023,5,TAS,3,1431.0,209.64360587002096
2023,5,TAS,3,573731.0,0.5228931328444864
2023,5,TAS,3,0.25,1200000.0
2023,5,VIC,29,6797169.0,0.4266482119246998
2023,5,VIC,29,2.75,1054545.4545454546
2023,5,VIC,29,181937.0,15.939583482194386
2023,5,WA,14,2890936.0,0.4842722218686266
2023,5,WA,14,97002.0,14.432692109441042
2023,5,WA,14,3.47,403458.21325648413
2023,6,NSW,34,2.13,1596244.131455399
2023,6,NSW,34,8356387.0,0.4068744063672494
2023,6,NSW,34,174289.0,19.50782895076568
2023,6,NT,2,1.74,114942.52873563218
2023,6,NT,2,257508.0,0.7766748994206005
2023,6,NT,2,4408.0,45.37205081669691
2023,6,QLD,22,2.62,839694.6564885497
2023,6,QLD,22,139330.0,15.789851431852435
2023,6,QLD,22,5450235.0,0.40365231957888054
2023,6,SA,3,1857646.0,0.1614947088950209
2023,6,SA,3,32677.0,9.1807693484714
2023,6,SA,3,1.79,167597.7653631285
2023,6,TAS,4,1431.0,279.5248078266946
2023,6,TAS,4,573731.0,0.6971908437926485
2023,6,TAS,4,0.25,1600000.0
2023,6,VIC,16,6797169.0,0.2353921169239723
2023,6,VIC,16,2.75,581818.1818181819
2023,6,VIC,16,181937.0,8.794252955693453
2023,6,WA,10,2890936.0,0.3459087299061619
2023,6,WA,10,97002.0,10.309065792457888
2023,6,WA,10,3.47,288184.4380403458
2023,7,ACT,1,2.11,47393.364928909956
2023,7,ACT,1,9802.0,10.201999591920016
2023,7,ACT,1,473817.0,0.211051946215522
2023,7,NSW,36,2.22,1621621.6216216213
2023,7,NSW,36,8406338.0,0.42824830502889605
2023,7,NSW,36,182430.0,19.73359644795264
2023,7,NT,1,1.63,61349.69325153375
2023,7,NT,1,258543.0,0.38678285623668013
2023,7,NT,1,4139.0,24.160425223483934
2023,7,QLD,30,2.69,1115241.6356877324
2023,7,QLD,30,143657.0,20.883075659383113
2023,7,QLD,30,5485974.0,0.5468491101124431
2023,7,SA,10,1865760.0,0.5359746162421748
2023,7,SA,10,32429.0,30.83659687316908
2023,7,SA,10,1.77,564971.7514124294
2023,7,TAS,1,1029.0,97.18172983479106
2023,7,TAS,1,573819.0,0.1742709809190703
2023,7,TAS,1,0.18,555555.5555555555
2023,7,VIC,24,6845666.0,0.35058678001526805
2023,7,VIC,24,2.82,851063.8297872341
2023,7,VIC,24,187976.0,12.767587351576797
2023,7,WA,11,2916222.0,0.37720036403264223
2023,7,WA,11,100315.0,10.96545880476499
2023,7,WA,11,3.56,308988.7640449438
2023,8,NSW,30,2.22,1351351.3513513512
2023,8,NSW,30,8406338.0,0.35687358752408005
2023,8,NSW,30,182430.0,16.4446637066272
2023,8,NT,2,1.63,122699.3865030675
2023,8,NT,2,258543.0,0.7735657124733603
2023,8,NT,2,4139.0,48.32085044696787
2023,8,QLD,29,2.69,1078066.9144981413
2023,8,QLD,29,143657.0,20.186973137403676
2023,8,QLD,29,5485974.0,0.5286208064420284
2023,8,SA,6,1865760.0,0.32158476974530487
2023,8,SA,6,32429.0,18.501958123901446
2023,8,SA,6,1.77,338983.0508474576
2023,8,TAS,3,1029.0,291.5451895043732
2023,8,TAS,3,573819.0,0.5228129427572109
2023,8,TAS,3,0.18,1666666.6666666667
2023,8,VIC,21,6845666.0,0.3067634325133595
2023,8,VIC,21,2.82,744680.8510638298
2023,8,VIC,21,187976.0,11.171638932629698
2023,8,WA,14,2916222.0,0.4800731905869992
2023,8,WA,14,100315.0,13.956038478791806
2023,8,WA,14,3.56,393258.42696629214
2023,9,NSW,34,2.22,1531531.5315315314
2023,9,NSW,34,8406338.0,0.40445673252729075
2023,9,NSW,34,182430.0,18.63728553417749
2023,9,NT,10,1.63,613496.9325153375
2023,9,NT,10,258543.0,3.867828562366802
2023,9,NT,10,4139.0,241.60425223483935
2023,9,QLD,31,2.69,1152416.3568773235
2023,9,QLD,31,143657.0,21.57917818136255
2023,9,QLD,31,5485974.0,0.5650774137828578
2023,9,SA,11,1865760.0,0.5895720778663922
2023,9,SA,11,32429.0,33.92025656048599
2023,9,SA,11,1.77,621468.9265536723
2023,9,TAS,2,1029.0,194.3634596695821
2023,9,TAS,2,573819.0,0.3485419618381406
2023,9,TAS,2,0.18,1111111.111111111
2023,9,VIC,26,6845666.0,0.3798023450165404
2023,9,VIC,26,2.82,921985.8156028369
2023,9,VIC,26,187976.0,13.831552964208198
2023,9,WA,16,2916222.0,0.5486550749565705
2023,9,WA,16,100315.0,15.94975826147635
2023,9,WA,16,3.56,449438.20224719105
2023,10,NSW,29,2.1,1380952.3809523808
2023,10,NSW,29,8437334.0,0.3437104658888696
2023,10,NSW,29,173286.0,16.735339265722562
2023,10,NT,6,1.51,397350.99337748345
2023,10,NT,6,259143.0,2.315323971706741
2023,10,NT,6,3849.0,155.8846453624318
2023,10,QLD,13,2.6,500000.0
2023,10,QLD,13,139798.0,9.299131604171734
2023,10,QLD,13,5516476.0,0.23565769161326905
2023,10,SA,8,1870937.0,0.42759323269570276
2023,10,SA,8,30750.0,26.016260162601625
2023,10,SA,8,1.67,479041.9161676647
2023,10,TAS,5,871.0,574.052812858783
2023,10,TAS,5,574214.0,0.870755502304019
2023,10,TAS,5,0.15,3333333.3333333335
2023,10,VIC,23,6881068.0,0.33425043903068535
2023,10,VIC,23,2.7,851851.8518518517
2023,10,VIC,23,180673.0,12.73018104531391
2023,10,WA,11,2937647.0,0.374449346705033
2023,10,WA,11,98124.0,11.210305327952387
2023,10,WA,11,3.46,317919.0751445087
