year,month,state_code,deaths
1989,1,ACT,2
1989,1,NSW,55
1989,1,NT,2
1989,1,QLD,27
1989,1,SA,27
1989,1,TAS,14
1989,1,VIC,76
1989,1,WA,25
1989,2,ACT,2
1989,2,NSW,82
1989,2,NT,2
1989,2,QLD,27
1989,2,SA,14
1989,2,TAS,7
1989,2,VIC,65
1989,2,WA,12
1989,3,ACT,3
1989,3,NSW,82
1989,3,NT,3
1989,3,QLD,42
1989,3,SA,18
1989,3,TAS,8
1989,3,VIC,80
1989,3,WA,20
1989,4,ACT,8
1989,4,NSW,45
1989,4,NT,10
1989,4,QLD,24
1989,4,SA,23
1989,4,TAS,5
1989,4,VIC,59
1989,4,WA,14
1989,5,NSW,77
1989,5,NT,4
1989,5,QLD,31
1989,5,SA,12
1989,5,TAS,7
1989,5,VIC,67
1989,5,WA,15
1989,6,ACT,2
1989,6,NSW,97
1989,6,NT,7
1989,6,QLD,28
1989,6,SA,19
1989,6,TAS,10
1989,6,VIC,73
1989,6,WA,21
1989,7,ACT,1
1989,7,NSW,75
1989,7,NT,7
1989,7,QLD,42
1989,7,SA,9
1989,7,TAS,6
1989,7,VIC,52
1989,7,WA,22
1989,8,ACT,2
1989,8,NSW,64
1989,8,NT,4
1989,8,QLD,32
1989,8,SA,15
1989,8,TAS,7
1989,8,VIC,65
1989,8,WA,22
1989,9,ACT,5
1989,9,NSW,93
1989,9,NT,4
1989,9,QLD,36
1989,9,SA,20
1989,9,TAS,6
1989,9,VIC,82
1989,9,WA,23
1989,10,ACT,2
1989,10,NSW,96
1989,10,NT,4
1989,10,QLD,41
1989,10,SA,26
1989,10,TAS,1
1989,10,VIC,50
1989,10,WA,21
1989,11,ACT,2
1989,11,NSW,69
1989,11,NT,6
1989,11,QLD,51
1989,11,SA,14
1989,11,TAS,5
1989,11,VIC,41
1989,11,WA,17
1989,12,ACT,3
1989,12,NSW,124
1989,12,NT,8
1989,12,QLD,47
1989,12,SA,25
1989,12,TAS,4
1989,12,VIC,66
1989,12,WA,30
1990,1,ACT,2
1990,1,NSW,52
1990,1,NT,9
1990,1,QLD,23
1990,1,SA,16
1990,1,TAS,8
1990,1,VIC,48
1990,1,WA,16
1990,2,NSW,52
1990,2,NT,2
1990,2,QLD,28
1990,2,SA,17
1990,2,TAS,9
1990,2,VIC,44
1990,2,WA,14
1990,3,NSW,87
1990,3,NT,7
1990,3,QLD,32
1990,3,SA,20
1990,3,TAS,7
1990,3,VIC,55
1990,3,WA,13
1990,4,NSW,57
1990,4,NT,5
1990,4,QLD,29
1990,4,SA,15
1990,4,TAS,6
1990,4,VIC,39
1990,4,WA,24
1990,5,ACT,3
1990,5,NSW,59
1990,5,NT,7
1990,5,QLD,30
1990,5,SA,19
1990,5,TAS,1
1990,5,VIC,56
1990,5,WA,11
1990,6,ACT,1
1990,6,NSW,70
1990,6,NT,2
1990,6,QLD,39
1990,6,SA,14
1990,6,TAS,6
1990,6,VIC,64
1990,6,WA,25
1990,7,ACT,6
1990,7,NSW,83
1990,7,NT,8
1990,7,QLD,31
1990,7,SA,21
1990,7,TAS,1
1990,7,VIC,41
1990,7,WA,14
1990,8,ACT,3
1990,8,NSW,66
1990,8,NT,10
1990,8,QLD,39
1990,8,SA,23
1990,8,TAS,4
1990,8,VIC,34
1990,8,WA,10
1990,9,ACT,1
1990,9,NSW,80
1990,9,NT,3
1990,9,QLD,49
1990,9,SA,28
1990,9,TAS,8
1990,9,VIC,48
1990,9,WA,16
1990,10,ACT,3
1990,10,NSW,62
1990,10,NT,1
1990,10,QLD,33
1990,10,SA,16
1990,10,TAS,6
1990,10,VIC,35
1990,10,WA,11
1990,11,ACT,3
1990,11,NSW,55
1990,11,NT,5
1990,11,QLD,28
1990,11,SA,17
1990,11,TAS,7
1990,11,VIC,40
1990,11,WA,16
1990,12,ACT,4
1990,12,NSW,74
1990,12,NT,9
1990,12,QLD,38
1990,12,SA,20
1990,12,TAS,8
1990,12,VIC,44
1990,12,WA,26
1991,1,ACT,2
1991,1,NSW,61
1991,1,NT,2
1991,1,QLD,21
1991,1,SA,10
1991,1,TAS,4
1991,1,VIC,45
1991,1,WA,26
1991,2,ACT,1
1991,2,NSW,47
1991,2,NT,6
1991,2,QLD,23
1991,2,SA,18
1991,2,TAS,8
1991,2,VIC,39
1991,2,WA,11
1991,3,ACT,1
1991,3,NSW,52
1991,3,NT,1
1991,3,QLD,34
1991,3,SA,23
1991,3,TAS,10
1991,3,VIC,70
1991,3,WA,14
1991,4,ACT,5
1991,4,NSW,59
1991,4,NT,8
1991,4,QLD,31
1991,4,SA,18
1991,4,TAS,10
1991,4,VIC,30
1991,4,WA,18
1991,5,ACT,1
1991,5,NSW,55
1991,5,NT,3
1991,5,QLD,38
1991,5,SA,11
1991,5,TAS,7
1991,5,VIC,34
1991,5,WA,11
1991,6,ACT,3
1991,6,NSW,52
1991,6,NT,5
1991,6,QLD,29
1991,6,SA,12
1991,6,TAS,7
1991,6,VIC,29
1991,6,WA,13
1991,7,NSW,61
1991,7,NT,8
1991,7,QLD,43
1991,7,SA,13
1991,7,TAS,4
1991,7,VIC,44
1991,7,WA,14
1991,8,ACT,2
1991,8,NSW,55
1991,8,NT,12
1991,8,QLD,34
1991,8,SA,13
1991,8,TAS,7
1991,8,VIC,47
1991,8,WA,24
1991,9,ACT,1
1991,9,NSW,59
1991,9,NT,12
1991,9,QLD,34
1991,9,SA,13
1991,9,TAS,3
1991,9,VIC,41
1991,9,WA,18
1991,10,ACT,1
1991,10,NSW,57
1991,10,NT,1
1991,10,QLD,31
1991,10,SA,21
1991,10,TAS,6
1991,10,VIC,36
1991,10,WA,24
1991,11,NSW,49
1991,11,NT,8
1991,11,QLD,41
1991,11,SA,16
1991,11,TAS,6
1991,11,VIC,35
1991,11,WA,11
1991,12,NSW,56
1991,12,NT,1
1991,12,QLD,36
1991,12,SA,16
1991,12,TAS,5
1991,12,VIC,53
1991,12,WA,23
1992,1,ACT,1
1992,1,NSW,55
1992,1,NT,5
1992,1,QLD,34
1992,1,SA,23
1992,1,TAS,7
1992,1,VIC,34
1992,1,WA,16
1992,2,ACT,2
1992,2,NSW,56
1992,2,NT,14
1992,2,QLD,19
1992,2,SA,12
1992,2,TAS,4
1992,2,VIC,33
1992,2,WA,8
1992,3,ACT,1
1992,3,NSW,56
1992,3,NT,2
1992,3,QLD,22
1992,3,SA,21
1992,3,TAS,5
1992,3,VIC,34
1992,3,WA,20
1992,4,ACT,4
1992,4,NSW,47
1992,4,NT,8
1992,4,QLD,43
1992,4,SA,17
1992,4,TAS,7
1992,4,VIC,47
1992,4,WA,12
1992,5,ACT,2
1992,5,NSW,41
1992,5,NT,4
1992,5,QLD,40
1992,5,SA,15
1992,5,TAS,2
1992,5,VIC,33
1992,5,WA,15
1992,6,ACT,2
1992,6,NSW,59
1992,6,NT,1
1992,6,QLD,43
1992,6,SA,9
1992,6,TAS,9
1992,6,VIC,29
1992,6,WA,16
1992,7,ACT,2
1992,7,NSW,53
1992,7,NT,2
1992,7,QLD,37
1992,7,SA,22
1992,7,TAS,2
1992,7,VIC,23
1992,7,WA,18
1992,8,ACT,2
1992,8,NSW,65
1992,8,NT,2
1992,8,QLD,37
1992,8,SA,13
1992,8,TAS,3
1992,8,VIC,27
1992,8,WA,8
1992,9,ACT,2
1992,9,NSW,50
1992,9,QLD,29
1992,9,SA,6
1992,9,TAS,4
1992,9,VIC,28
1992,9,WA,29
1992,10,ACT,1
1992,10,NSW,62
1992,10,NT,5
1992,10,QLD,37
1992,10,SA,11
1992,10,TAS,20
1992,10,VIC,38
1992,10,WA,19
1992,11,NSW,55
1992,11,NT,4
1992,11,QLD,35
1992,11,SA,6
1992,11,TAS,4
1992,11,VIC,30
1992,11,WA,17
1992,12,ACT,1
1992,12,NSW,50
1992,12,NT,7
1992,12,QLD,40
1992,12,SA,10
1992,12,TAS,7
1992,12,VIC,40
1992,12,WA,22
1993,1,NSW,44
1993,1,NT,2
1993,1,QLD,29
1993,1,SA,20
1993,1,TAS,8
1993,1,VIC,26
1993,1,WA,8
1993,2,ACT,1
1993,2,NSW,31
1993,2,NT,1
1993,2,QLD,34
1993,2,SA,14
1993,2,TAS,4
1993,2,VIC,40
1993,2,WA,11
1993,3,ACT,1
1993,3,NSW,56
1993,3,NT,4
1993,3,QLD,20
1993,3,SA,22
1993,3,TAS,3
1993,3,VIC,37
1993,3,WA,15
1993,4,NSW,51
1993,4,NT,7
1993,4,QLD,26
1993,4,SA,20
1993,4,TAS,3
1993,4,VIC,39
1993,4,WA,16
1993,5,NSW,37
1993,5,NT,1
1993,5,QLD,25
1993,5,SA,20
1993,5,TAS,4
1993,5,VIC,44
1993,5,WA,19
1993,6,ACT,1
1993,6,NSW,42
1993,6,NT,5
1993,6,QLD,33
1993,6,SA,14
1993,6,TAS,2
1993,6,VIC,33
1993,6,WA,16
1993,7,NSW,42
1993,7,NT,3
1993,7,QLD,35
1993,7,SA,15
1993,7,TAS,3
1993,7,VIC,33
1993,7,WA,17
1993,8,ACT,1
1993,8,NSW,59
1993,8,NT,7
1993,8,QLD,46
1993,8,SA,15
1993,8,TAS,5
1993,8,VIC,27
1993,8,WA,25
1993,9,ACT,2
1993,9,NSW,42
1993,9,NT,2
1993,9,QLD,38
1993,9,SA,18
1993,9,TAS,7
1993,9,VIC,34
1993,9,WA,15
1993,10,ACT,5
1993,10,NSW,59
1993,10,NT,7
1993,10,QLD,45
1993,10,SA,22
1993,10,TAS,6
1993,10,VIC,39
1993,10,WA,24
1993,11,ACT,1
1993,11,NSW,55
1993,11,NT,3
1993,11,QLD,28
1993,11,SA,18
1993,11,TAS,7
1993,11,VIC,43
1993,11,WA,15
1993,12,NSW,63
1993,12,NT,2
1993,12,QLD,37
1993,12,SA,20
1993,12,TAS,6
1993,12,VIC,40
1993,12,WA,28
1994,1,ACT,1
1994,1,NSW,56
1994,1,NT,6
1994,1,QLD,37
1994,1,SA,8
1994,1,TAS,3
1994,1,VIC,36
1994,1,WA,11
1994,2,ACT,1
1994,2,NSW,41
1994,2,NT,1
1994,2,QLD,31
1994,2,SA,10
1994,2,TAS,4
1994,2,VIC,31
1994,2,WA,12
1994,3,ACT,1
1994,3,NSW,65
1994,3,NT,3
1994,3,QLD,28
1994,3,SA,23
1994,3,TAS,5
1994,3,VIC,44
1994,3,WA,16
1994,4,ACT,4
1994,4,NSW,53
1994,4,NT,2
1994,4,QLD,22
1994,4,SA,15
1994,4,TAS,5
1994,4,VIC,35
1994,4,WA,16
1994,5,ACT,1
1994,5,NSW,51
1994,5,NT,8
1994,5,QLD,26
1994,5,SA,11
1994,5,TAS,5
1994,5,VIC,27
1994,5,WA,17
1994,6,ACT,3
1994,6,NSW,42
1994,6,NT,1
1994,6,QLD,41
1994,6,SA,14
1994,6,TAS,8
1994,6,VIC,33
1994,6,WA,16
1994,7,NSW,52
1994,7,NT,2
1994,7,QLD,31
1994,7,SA,17
1994,7,TAS,7
1994,7,VIC,29
1994,7,WA,20
1994,8,ACT,1
1994,8,NSW,38
1994,8,NT,7
1994,8,QLD,34
1994,8,SA,9
1994,8,TAS,4
1994,8,VIC,37
1994,8,WA,17
1994,9,ACT,2
1994,9,NSW,43
1994,9,NT,2
1994,9,QLD,32
1994,9,SA,15
1994,9,TAS,5
1994,9,VIC,17
1994,9,WA,25
1994,10,ACT,1
1994,10,NSW,73
1994,10,NT,1
1994,10,QLD,59
1994,10,SA,11
1994,10,TAS,5
1994,10,VIC,27
1994,10,WA,22
1994,11,ACT,1
1994,11,NSW,69
1994,11,NT,4
1994,11,QLD,38
1994,11,SA,16
1994,11,TAS,3
1994,11,VIC,31
1994,11,WA,22
1994,12,ACT,1
1994,12,NSW,63
1994,12,NT,4
1994,12,QLD,39
1994,12,SA,10
1994,12,TAS,5
1994,12,VIC,30
1994,12,WA,17
1995,1,NSW,38
1995,1,NT,2
1995,1,QLD,40
1995,1,SA,18
1995,1,TAS,4
1995,1,VIC,38
1995,1,WA,20
1995,2,NSW,50
1995,2,NT,5
1995,2,QLD,32
1995,2,SA,9
1995,2,TAS,3
1995,2,VIC,35
1995,2,WA,22
1995,3,NSW,61
1995,3,NT,3
1995,3,QLD,38
1995,3,SA,11
1995,3,TAS,8
1995,3,VIC,26
1995,3,WA,14
1995,4,NSW,46
1995,4,NT,9
1995,4,QLD,27
1995,4,SA,14
1995,4,TAS,8
1995,4,VIC,33
1995,4,WA,13
1995,5,ACT,1
1995,5,NSW,48
1995,5,NT,5
1995,5,QLD,45
1995,5,SA,17
1995,5,TAS,7
1995,5,VIC,34
1995,5,WA,15
1995,6,ACT,1
1995,6,NSW,57
1995,6,NT,9
1995,6,QLD,42
1995,6,SA,16
1995,6,TAS,3
1995,6,VIC,41
1995,6,WA,18
1995,7,ACT,3
1995,7,NSW,51
1995,7,NT,4
1995,7,QLD,41
1995,7,SA,7
1995,7,TAS,4
1995,7,VIC,27
1995,7,WA,18
1995,8,NSW,53
1995,8,NT,5
1995,8,QLD,33
1995,8,SA,19
1995,8,TAS,8
1995,8,VIC,34
1995,8,WA,15
1995,9,ACT,3
1995,9,NSW,41
1995,9,NT,2
1995,9,QLD,43
1995,9,SA,16
1995,9,TAS,6
1995,9,VIC,34
1995,9,WA,21
1995,10,ACT,2
1995,10,NSW,60
1995,10,NT,5
1995,10,QLD,41
1995,10,SA,26
1995,10,VIC,32
1995,10,WA,21
1995,11,ACT,1
1995,11,NSW,59
1995,11,NT,2
1995,11,QLD,39
1995,11,SA,15
1995,11,TAS,4
1995,11,VIC,38
1995,11,WA,17
1995,12,ACT,4
1995,12,NSW,56
1995,12,NT,10
1995,12,QLD,35
1995,12,SA,13
1995,12,TAS,2
1995,12,VIC,46
1995,12,WA,15
1996,1,ACT,1
1996,1,NSW,23
1996,1,NT,6
1996,1,QLD,20
1996,1,SA,18
1996,1,TAS,9
1996,1,VIC,39
1996,1,WA,26
1996,2,ACT,1
1996,2,NSW,49
1996,2,NT,4
1996,2,QLD,28
1996,2,SA,15
1996,2,TAS,7
1996,2,VIC,47
1996,2,WA,19
1996,3,NSW,49
1996,3,NT,3
1996,3,QLD,30
1996,3,SA,17
1996,3,TAS,9
1996,3,VIC,35
1996,3,WA,18
1996,4,ACT,1
1996,4,NSW,62
1996,4,NT,4
1996,4,QLD,16
1996,4,SA,14
1996,4,TAS,11
1996,4,VIC,38
1996,4,WA,22
1996,5,ACT,3
1996,5,NSW,48
1996,5,NT,12
1996,5,QLD,32
1996,5,SA,13
1996,5,TAS,3
1996,5,VIC,28
1996,5,WA,15
1996,6,ACT,2
1996,6,NSW,56
1996,6,NT,1
1996,6,QLD,33
1996,6,SA,19
1996,6,TAS,2
1996,6,VIC,29
1996,6,WA,18
1996,7,NSW,50
1996,7,NT,5
1996,7,QLD,28
1996,7,SA,12
1996,7,TAS,6
1996,7,VIC,30
1996,7,WA,22
1996,8,ACT,3
1996,8,NSW,52
1996,8,NT,18
1996,8,QLD,38
1996,8,SA,22
1996,8,TAS,3
1996,8,VIC,35
1996,8,WA,28
1996,9,ACT,5
1996,9,NSW,43
1996,9,NT,5
1996,9,QLD,37
1996,9,SA,19
1996,9,TAS,4
1996,9,VIC,49
1996,9,WA,16
1996,10,ACT,1
1996,10,NSW,52
1996,10,NT,2
1996,10,QLD,36
1996,10,SA,7
1996,10,TAS,3
1996,10,VIC,24
1996,10,WA,23
1996,11,ACT,4
1996,11,NSW,47
1996,11,NT,3
1996,11,QLD,48
1996,11,SA,12
1996,11,TAS,2
1996,11,VIC,33
1996,11,WA,22
1996,12,ACT,2
1996,12,NSW,50
1996,12,NT,9
1996,12,QLD,39
1996,12,SA,13
1996,12,TAS,5
1996,12,VIC,30
1996,12,WA,18
1997,1,ACT,1
1997,1,NSW,69
1997,1,NT,1
1997,1,QLD,27
1997,1,SA,13
1997,1,TAS,6
1997,1,VIC,36
1997,1,WA,18
1997,2,ACT,1
1997,2,NSW,44
1997,2,NT,3
1997,2,QLD,34
1997,2,SA,9
1997,2,TAS,1
1997,2,VIC,25
1997,2,WA,18
1997,3,ACT,1
1997,3,NSW,39
1997,3,NT,8
1997,3,QLD,31
1997,3,SA,8
1997,3,TAS,3
1997,3,VIC,30
1997,3,WA,20
1997,4,ACT,1
1997,4,NSW,42
1997,4,NT,5
1997,4,QLD,26
1997,4,SA,11
1997,4,TAS,4
1997,4,VIC,30
1997,4,WA,15
1997,5,ACT,1
1997,5,NSW,58
1997,5,NT,6
1997,5,QLD,34
1997,5,SA,12
1997,5,TAS,4
1997,5,VIC,40
1997,5,WA,9
1997,6,NSW,38
1997,6,NT,5
1997,6,QLD,19
1997,6,SA,13
1997,6,TAS,2
1997,6,VIC,22
1997,6,WA,15
1997,7,NSW,53
1997,7,NT,2
1997,7,QLD,32
1997,7,SA,7
1997,7,TAS,1
1997,7,VIC,39
1997,7,WA,21
1997,8,ACT,2
1997,8,NSW,47
1997,8,NT,9
1997,8,QLD,40
1997,8,SA,16
1997,8,TAS,3
1997,8,VIC,26
1997,8,WA,15
1997,9,ACT,2
1997,9,NSW,35
1997,9,NT,3
1997,9,QLD,34
1997,9,SA,12
1997,9,TAS,1
1997,9,VIC,26
1997,9,WA,14
1997,10,ACT,2
1997,10,NSW,47
1997,10,NT,5
1997,10,QLD,27
1997,10,SA,15
1997,10,TAS,4
1997,10,VIC,29
1997,10,WA,20
1997,11,ACT,2
1997,11,NSW,62
1997,11,NT,2
1997,11,QLD,19
1997,11,SA,15
1997,11,VIC,39
1997,11,WA,22
1997,12,ACT,4
1997,12,NSW,42
1997,12,NT,11
1997,12,QLD,37
1997,12,SA,17
1997,12,TAS,3
1997,12,VIC,35
1997,12,WA,10
1998,1,ACT,1
1998,1,NSW,47
1998,1,NT,4
1998,1,QLD,20
1998,1,SA,11
1998,1,TAS,4
1998,1,VIC,29
1998,1,WA,17
1998,2,ACT,3
1998,2,NSW,39
1998,2,NT,8
1998,2,QLD,17
1998,2,SA,27
1998,2,TAS,3
1998,2,VIC,29
1998,2,WA,12
1998,3,ACT,3
1998,3,NSW,61
1998,3,NT,1
1998,3,QLD,21
1998,3,SA,16
1998,3,TAS,7
1998,3,VIC,32
1998,3,WA,15
1998,4,NSW,43
1998,4,NT,8
1998,4,QLD,19
1998,4,SA,16
1998,4,TAS,5
1998,4,VIC,36
1998,4,WA,22
1998,5,ACT,2
1998,5,NSW,58
1998,5,NT,6
1998,5,QLD,14
1998,5,SA,12
1998,5,TAS,5
1998,5,VIC,31
1998,5,WA,20
1998,6,NSW,51
1998,6,NT,4
1998,6,QLD,25
1998,6,SA,16
1998,6,TAS,1
1998,6,VIC,22
1998,6,WA,15
1998,7,ACT,4
1998,7,NSW,36
1998,7,NT,10
1998,7,QLD,33
1998,7,SA,10
1998,7,TAS,2
1998,7,VIC,40
1998,7,WA,21
1998,8,ACT,1
1998,8,NSW,51
1998,8,NT,11
1998,8,QLD,25
1998,8,SA,10
1998,8,TAS,5
1998,8,VIC,19
1998,8,WA,17
1998,9,ACT,3
1998,9,NSW,37
1998,9,NT,6
1998,9,QLD,24
1998,9,SA,13
1998,9,TAS,1
1998,9,VIC,37
1998,9,WA,21
1998,10,ACT,2
1998,10,NSW,47
1998,10,NT,5
1998,10,QLD,20
1998,10,SA,16
1998,10,TAS,2
1998,10,VIC,36
1998,10,WA,22
1998,11,NSW,31
1998,11,NT,3
1998,11,QLD,33
1998,11,SA,10
1998,11,TAS,6
1998,11,VIC,49
1998,11,WA,21
1998,12,ACT,3
1998,12,NSW,55
1998,12,NT,3
1998,12,QLD,28
1998,12,SA,11
1998,12,TAS,7
1998,12,VIC,30
1998,12,WA,20
1999,1,ACT,1
1999,1,NSW,52
1999,1,NT,2
1999,1,QLD,25
1999,1,SA,20
1999,1,TAS,6
1999,1,VIC,32
1999,1,WA,15
1999,2,ACT,3
1999,2,NSW,41
1999,2,NT,6
1999,2,QLD,12
1999,2,SA,12
1999,2,TAS,3
1999,2,VIC,31
1999,2,WA,18
1999,3,ACT,1
1999,3,NSW,61
1999,3,NT,2
1999,3,QLD,27
1999,3,SA,5
1999,3,TAS,6
1999,3,VIC,35
1999,3,WA,18
1999,4,ACT,2
1999,4,NSW,47
1999,4,NT,1
1999,4,QLD,19
1999,4,SA,27
1999,4,TAS,6
1999,4,VIC,35
1999,4,WA,17
1999,5,NSW,60
1999,5,NT,2
1999,5,QLD,30
1999,5,SA,11
1999,5,TAS,6
1999,5,VIC,34
1999,5,WA,14
1999,6,ACT,3
1999,6,NSW,40
1999,6,NT,6
1999,6,QLD,24
1999,6,SA,11
1999,6,TAS,3
1999,6,VIC,24
1999,6,WA,21
1999,7,NSW,39
1999,7,NT,4
1999,7,QLD,32
1999,7,SA,13
1999,7,TAS,2
1999,7,VIC,35
1999,7,WA,13
1999,8,NSW,44
1999,8,NT,7
1999,8,QLD,24
1999,8,SA,5
1999,8,TAS,4
1999,8,VIC,26
1999,8,WA,25
1999,9,ACT,2
1999,9,NSW,52
1999,9,NT,8
1999,9,QLD,30
1999,9,SA,9
1999,9,TAS,4
1999,9,VIC,27
1999,9,WA,25
1999,10,NSW,43
1999,10,NT,5
1999,10,QLD,37
1999,10,SA,14
1999,10,TAS,2
1999,10,VIC,38
1999,10,WA,15
1999,11,ACT,2
1999,11,NSW,48
1999,11,NT,3
1999,11,QLD,28
1999,11,SA,13
1999,11,TAS,8
1999,11,VIC,29
1999,11,WA,23
1999,12,ACT,5
1999,12,NSW,50
1999,12,NT,3
1999,12,QLD,26
1999,12,SA,11
1999,12,TAS,3
1999,12,VIC,37
1999,12,WA,14
2000,1,NSW,50
2000,1,NT,3
2000,1,QLD,30
2000,1,SA,11
2000,1,TAS,4
2000,1,VIC,32
2000,1,WA,16
2000,2,ACT,1
2000,2,NSW,52
2000,2,NT,3
2000,2,QLD,17
2000,2,SA,6
2000,2,TAS,8
2000,2,VIC,26
2000,2,WA,12
2000,3,ACT,2
2000,3,NSW,48
2000,3,NT,4
2000,3,QLD,32
2000,3,SA,15
2000,3,TAS,2
2000,3,VIC,46
2000,3,WA,18
2000,4,NSW,55
2000,4,NT,3
2000,4,QLD,23
2000,4,SA,16
2000,4,TAS,4
2000,4,VIC,32
2000,4,WA,14
2000,5,ACT,1
2000,5,NSW,53
2000,5,NT,4
2000,5,QLD,30
2000,5,SA,18
2000,5,TAS,5
2000,5,VIC,39
2000,5,WA,15
2000,6,ACT,1
2000,6,NSW,48
2000,6,NT,5
2000,6,QLD,20
2000,6,SA,18
2000,6,TAS,1
2000,6,VIC,32
2000,6,WA,22
2000,7,ACT,2
2000,7,NSW,58
2000,7,NT,6
2000,7,QLD,33
2000,7,SA,12
2000,7,TAS,2
2000,7,VIC,33
2000,7,WA,20
2000,8,ACT,1
2000,8,NSW,33
2000,8,NT,5
2000,8,QLD,30
2000,8,SA,12
2000,8,TAS,2
2000,8,VIC,29
2000,8,WA,14
2000,9,ACT,4
2000,9,NSW,50
2000,9,NT,5
2000,9,QLD,26
2000,9,SA,17
2000,9,TAS,3
2000,9,VIC,36
2000,9,WA,20
2000,10,ACT,4
2000,10,NSW,39
2000,10,NT,5
2000,10,QLD,25
2000,10,SA,18
2000,10,TAS,1
2000,10,VIC,29
2000,10,WA,26
2000,11,NSW,49
2000,11,NT,4
2000,11,QLD,26
2000,11,SA,10
2000,11,TAS,5
2000,11,VIC,44
2000,11,WA,18
2000,12,ACT,2
2000,12,NSW,68
2000,12,NT,4
2000,12,QLD,25
2000,12,SA,13
2000,12,TAS,6
2000,12,VIC,29
2000,12,WA,17
2001,1,ACT,2
2001,1,NSW,38
2001,1,NT,3
2001,1,QLD,25
2001,1,SA,7
2001,1,TAS,5
2001,1,VIC,44
2001,1,WA,14
2001,2,ACT,2
2001,2,NSW,39
2001,2,NT,5
2001,2,QLD,17
2001,2,SA,12
2001,2,TAS,8
2001,2,VIC,30
2001,2,WA,10
2001,3,NSW,42
2001,3,NT,2
2001,3,QLD,20
2001,3,SA,16
2001,3,TAS,14
2001,3,VIC,31
2001,3,WA,14
2001,4,NSW,42
2001,4,NT,4
2001,4,QLD,22
2001,4,SA,9
2001,4,TAS,4
2001,4,VIC,32
2001,4,WA,19
2001,5,ACT,2
2001,5,NSW,56
2001,5,NT,4
2001,5,QLD,30
2001,5,SA,10
2001,5,TAS,5
2001,5,VIC,31
2001,5,WA,17
2001,6,ACT,1
2001,6,NSW,35
2001,6,NT,7
2001,6,QLD,30
2001,6,SA,23
2001,6,TAS,7
2001,6,VIC,41
2001,6,WA,10
2001,7,ACT,1
2001,7,NSW,44
2001,7,QLD,36
2001,7,SA,8
2001,7,TAS,2
2001,7,VIC,34
2001,7,WA,17
2001,8,ACT,2
2001,8,NSW,51
2001,8,NT,5
2001,8,QLD,22
2001,8,SA,15
2001,8,TAS,4
2001,8,VIC,37
2001,8,WA,12
2001,9,ACT,2
2001,9,NSW,35
2001,9,NT,5
2001,9,QLD,34
2001,9,SA,14
2001,9,TAS,5
2001,9,VIC,35
2001,9,WA,13
2001,10,NSW,46
2001,10,NT,3
2001,10,QLD,33
2001,10,SA,13
2001,10,TAS,3
2001,10,VIC,51
2001,10,WA,14
2001,11,ACT,1
2001,11,NSW,46
2001,11,NT,4
2001,11,QLD,28
2001,11,SA,14
2001,11,TAS,4
2001,11,VIC,41
2001,11,WA,14
2001,12,ACT,3
2001,12,NSW,50
2001,12,NT,8
2001,12,QLD,27
2001,12,SA,12
2001,12,VIC,37
2001,12,WA,11
2002,1,NSW,39
2002,1,NT,1
2002,1,QLD,23
2002,1,SA,15
2002,1,TAS,3
2002,1,VIC,32
2002,1,WA,7
2002,2,NSW,45
2002,2,NT,5
2002,2,QLD,20
2002,2,SA,9
2002,2,TAS,4
2002,2,VIC,31
2002,2,WA,20
2002,3,NSW,50
2002,3,NT,1
2002,3,QLD,25
2002,3,SA,5
2002,3,TAS,7
2002,3,VIC,45
2002,3,WA,18
2002,4,ACT,1
2002,4,NSW,46
2002,4,NT,4
2002,4,QLD,24
2002,4,SA,15
2002,4,TAS,7
2002,4,VIC,31
2002,4,WA,10
2002,5,ACT,2
2002,5,NSW,56
2002,5,NT,5
2002,5,QLD,27
2002,5,SA,12
2002,5,TAS,3
2002,5,VIC,45
2002,5,WA,22
2002,6,ACT,1
2002,6,NSW,57
2002,6,NT,3
2002,6,QLD,20
2002,6,SA,12
2002,6,TAS,2
2002,6,VIC,32
2002,6,WA,13
2002,7,ACT,1
2002,7,NSW,35
2002,7,NT,5
2002,7,QLD,27
2002,7,SA,15
2002,7,TAS,1
2002,7,VIC,27
2002,7,WA,16
2002,8,ACT,3
2002,8,NSW,51
2002,8,NT,7
2002,8,QLD,35
2002,8,SA,6
2002,8,TAS,4
2002,8,VIC,25
2002,8,WA,20
2002,9,NSW,50
2002,9,NT,6
2002,9,QLD,31
2002,9,SA,13
2002,9,TAS,1
2002,9,VIC,31
2002,9,WA,11
2002,10,ACT,1
2002,10,NSW,45
2002,10,NT,4
2002,10,QLD,37
2002,10,SA,15
2002,10,TAS,1
2002,10,VIC,30
2002,10,WA,19
2002,11,ACT,1
2002,11,NSW,43
2002,11,NT,9
2002,11,QLD,30
2002,11,SA,16
2002,11,TAS,3
2002,11,VIC,31
2002,11,WA,14
2002,12,NSW,44
2002,12,NT,5
2002,12,QLD,23
2002,12,SA,21
2002,12,TAS,1
2002,12,VIC,37
2002,12,WA,9
2003,1,NSW,42
2003,1,NT,6
2003,1,QLD,21
2003,1,SA,11
2003,1,TAS,7
2003,1,VIC,21
2003,1,WA,19
2003,2,ACT,3
2003,2,NSW,40
2003,2,NT,2
2003,2,QLD,17
2003,2,SA,14
2003,2,VIC,41
2003,2,WA,12
2003,3,NSW,49
2003,3,NT,4
2003,3,QLD,23
2003,3,SA,17
2003,3,TAS,3
2003,3,VIC,36
2003,3,WA,18
2003,4,NSW,47
2003,4,NT,5
2003,4,QLD,36
2003,4,SA,8
2003,4,TAS,4
2003,4,VIC,28
2003,4,WA,22
2003,5,ACT,1
2003,5,NSW,42
2003,5,NT,3
2003,5,QLD,22
2003,5,SA,12
2003,5,TAS,3
2003,5,VIC,31
2003,5,WA,11
2003,6,ACT,3
2003,6,NSW,32
2003,6,NT,5
2003,6,QLD,37
2003,6,SA,13
2003,6,TAS,5
2003,6,VIC,28
2003,6,WA,13
2003,7,NSW,35
2003,7,NT,4
2003,7,QLD,20
2003,7,SA,12
2003,7,TAS,3
2003,7,VIC,20
2003,7,WA,12
2003,8,NSW,51
2003,8,NT,9
2003,8,QLD,28
2003,8,SA,16
2003,8,TAS,3
2003,8,VIC,23
2003,8,WA,9
2003,9,NSW,40
2003,9,NT,4
2003,9,QLD,25
2003,9,SA,12
2003,9,TAS,2
2003,9,VIC,23
2003,9,WA,14
2003,10,ACT,1
2003,10,NSW,57
2003,10,NT,1
2003,10,QLD,22
2003,10,SA,16
2003,10,TAS,4
2003,10,VIC,24
2003,10,WA,21
2003,11,ACT,1
2003,11,NSW,52
2003,11,NT,6
2003,11,QLD,31
2003,11,SA,10
2003,11,TAS,4
2003,11,VIC,24
2003,11,WA,17
2003,12,ACT,2
2003,12,NSW,52
2003,12,NT,4
2003,12,QLD,28
2003,12,SA,16
2003,12,TAS,3
2003,12,VIC,31
2003,12,WA,12
2004,1,ACT,2
2004,1,NSW,52
2004,1,NT,2
2004,1,QLD,26
2004,1,SA,13
2004,1,TAS,3
2004,1,VIC,32
2004,1,WA,17
2004,2,NSW,44
2004,2,NT,6
2004,2,QLD,12
2004,2,SA,10
2004,2,TAS,10
2004,2,VIC,22
2004,2,WA,13
2004,3,ACT,1
2004,3,NSW,48
2004,3,NT,2
2004,3,QLD,30
2004,3,SA,8
2004,3,TAS,5
2004,3,VIC,30
2004,3,WA,15
2004,4,ACT,1
2004,4,NSW,34
2004,4,NT,1
2004,4,QLD,28
2004,4,SA,10
2004,4,TAS,5
2004,4,VIC,30
2004,4,WA,14
2004,5,NSW,39
2004,5,NT,3
2004,5,QLD,25
2004,5,SA,12
2004,5,TAS,3
2004,5,VIC,46
2004,5,WA,14
2004,6,ACT,1
2004,6,NSW,41
2004,6,NT,3
2004,6,QLD,22
2004,6,SA,14
2004,6,TAS,4
2004,6,VIC,28
2004,6,WA,10
2004,7,ACT,1
2004,7,NSW,44
2004,7,NT,2
2004,7,QLD,28
2004,7,SA,18
2004,7,TAS,3
2004,7,VIC,27
2004,7,WA,16
2004,8,NSW,43
2004,8,NT,3
2004,8,QLD,32
2004,8,SA,12
2004,8,TAS,3
2004,8,VIC,26
2004,8,WA,16
2004,9,ACT,1
2004,9,NSW,35
2004,9,NT,4
2004,9,QLD,21
2004,9,SA,11
2004,9,TAS,7
2004,9,VIC,22
2004,9,WA,21
2004,10,NSW,43
2004,10,NT,2
2004,10,QLD,33
2004,10,SA,15
2004,10,TAS,4
2004,10,VIC,28
2004,10,WA,13
2004,11,ACT,2
2004,11,NSW,47
2004,11,NT,3
2004,11,QLD,28
2004,11,SA,7
2004,11,TAS,9
2004,11,VIC,25
2004,11,WA,10
2004,12,NSW,40
2004,12,NT,4
2004,12,QLD,26
2004,12,SA,9
2004,12,TAS,2
2004,12,VIC,27
2004,12,WA,19
2005,1,ACT,1
2005,1,NSW,35
2005,1,NT,1
2005,1,QLD,17
2005,1,SA,6
2005,1,TAS,4
2005,1,VIC,33
2005,1,WA,14
2005,2,ACT,2
2005,2,NSW,38
2005,2,NT,5
2005,2,QLD,21
2005,2,SA,9
2005,2,TAS,2
2005,2,VIC,27
2005,2,WA,14
2005,3,ACT,1
2005,3,NSW,37
2005,3,NT,4
2005,3,QLD,24
2005,3,SA,27
2005,3,TAS,2
2005,3,VIC,47
2005,3,WA,14
2005,4,ACT,4
2005,4,NSW,45
2005,4,NT,4
2005,4,QLD,32
2005,4,SA,10
2005,4,VIC,21
2005,4,WA,18
2005,5,ACT,3
2005,5,NSW,56
2005,5,NT,1
2005,5,QLD,21
2005,5,SA,14
2005,5,TAS,8
2005,5,VIC,29
2005,5,WA,12
2005,6,NSW,40
2005,6,NT,7
2005,6,QLD,29
2005,6,SA,7
2005,6,TAS,9
2005,6,VIC,23
2005,6,WA,7
2005,7,ACT,6
2005,7,NSW,50
2005,7,NT,5
2005,7,QLD,22
2005,7,SA,17
2005,7,VIC,30
2005,7,WA,10
2005,8,ACT,1
2005,8,NSW,40
2005,8,NT,7
2005,8,QLD,42
2005,8,SA,14
2005,8,TAS,3
2005,8,VIC,25
2005,8,WA,19
2005,9,ACT,3
2005,9,NSW,44
2005,9,NT,8
2005,9,QLD,25
2005,9,SA,8
2005,9,TAS,5
2005,9,VIC,25
2005,9,WA,18
2005,10,ACT,2
2005,10,NSW,40
2005,10,NT,3
2005,10,QLD,30
2005,10,SA,8
2005,10,TAS,4
2005,10,VIC,33
2005,10,WA,9
2005,11,ACT,2
2005,11,NSW,37
2005,11,NT,5
2005,11,QLD,30
2005,11,SA,14
2005,11,TAS,6
2005,11,VIC,17
2005,11,WA,13
2005,12,ACT,1
2005,12,NSW,46
2005,12,NT,5
2005,12,QLD,37
2005,12,SA,14
2005,12,TAS,8
2005,12,VIC,36
2005,12,WA,15
2006,1,NSW,57
2006,1,NT,1
2006,1,QLD,29
2006,1,SA,13
2006,1,TAS,5
2006,1,VIC,24
2006,1,WA,26
2006,2,ACT,2
2006,2,NSW,39
2006,2,NT,2
2006,2,QLD,20
2006,2,SA,8
2006,2,TAS,7
2006,2,VIC,37
2006,2,WA,12
2006,3,NSW,54
2006,3,NT,2
2006,3,QLD,25
2006,3,SA,12
2006,3,TAS,3
2006,3,VIC,23
2006,3,WA,12
2006,4,NSW,49
2006,4,NT,5
2006,4,QLD,26
2006,4,SA,10
2006,4,VIC,23
2006,4,WA,11
2006,5,ACT,1
2006,5,NSW,37
2006,5,NT,2
2006,5,QLD,29
2006,5,SA,12
2006,5,TAS,9
2006,5,VIC,27
2006,5,WA,15
2006,6,ACT,1
2006,6,NSW,43
2006,6,NT,3
2006,6,QLD,27
2006,6,SA,16
2006,6,TAS,6
2006,6,VIC,23
2006,6,WA,17
2006,7,NSW,34
2006,7,NT,6
2006,7,QLD,25
2006,7,SA,8
2006,7,TAS,1
2006,7,VIC,25
2006,7,WA,16
2006,8,ACT,2
2006,8,NSW,34
2006,8,NT,11
2006,8,QLD,28
2006,8,SA,8
2006,8,TAS,3
2006,8,VIC,22
2006,8,WA,19
2006,9,ACT,1
2006,9,NSW,33
2006,9,NT,1
2006,9,QLD,32
2006,9,SA,8
2006,9,TAS,5
2006,9,VIC,43
2006,9,WA,16
2006,10,ACT,2
2006,10,NSW,42
2006,10,NT,5
2006,10,QLD,29
2006,10,SA,4
2006,10,TAS,2
2006,10,VIC,20
2006,10,WA,17
2006,11,ACT,1
2006,11,NSW,38
2006,11,NT,4
2006,11,QLD,30
2006,11,SA,8
2006,11,TAS,9
2006,11,VIC,31
2006,11,WA,16
2006,12,ACT,3
2006,12,NSW,36
2006,12,NT,3
2006,12,QLD,35
2006,12,SA,10
2006,12,TAS,5
2006,12,VIC,39
2006,12,WA,23
2007,1,NSW,34
2007,1,NT,5
2007,1,QLD,21
2007,1,SA,12
2007,1,TAS,5
2007,1,VIC,23
2007,1,WA,32
2007,2,ACT,1
2007,2,NSW,30
2007,2,NT,3
2007,2,QLD,36
2007,2,SA,9
2007,2,TAS,4
2007,2,VIC,23
2007,2,WA,15
2007,3,ACT,1
2007,3,NSW,42
2007,3,NT,2
2007,3,QLD,30
2007,3,SA,10
2007,3,TAS,5
2007,3,VIC,32
2007,3,WA,27
2007,4,ACT,3
2007,4,NSW,47
2007,4,NT,1
2007,4,QLD,25
2007,4,SA,14
2007,4,TAS,11
2007,4,VIC,25
2007,4,WA,10
2007,5,ACT,1
2007,5,NSW,31
2007,5,NT,3
2007,5,QLD,41
2007,5,SA,8
2007,5,TAS,2
2007,5,VIC,26
2007,5,WA,21
2007,6,ACT,2
2007,6,NSW,41
2007,6,NT,7
2007,6,QLD,34
2007,6,SA,5
2007,6,TAS,4
2007,6,VIC,28
2007,6,WA,11
2007,7,ACT,1
2007,7,NSW,41
2007,7,NT,6
2007,7,QLD,29
2007,7,SA,7
2007,7,TAS,4
2007,7,VIC,28
2007,7,WA,18
2007,8,ACT,2
2007,8,NSW,30
2007,8,NT,6
2007,8,QLD,37
2007,8,SA,11
2007,8,TAS,2
2007,8,VIC,20
2007,8,WA,20
2007,9,NSW,32
2007,9,NT,4
2007,9,QLD,31
2007,9,SA,10
2007,9,TAS,1
2007,9,VIC,23
2007,9,WA,19
2007,10,ACT,1
2007,10,NSW,33
2007,10,NT,7
2007,10,QLD,23
2007,10,SA,11
2007,10,TAS,1
2007,10,VIC,37
2007,10,WA,16
2007,11,ACT,1
2007,11,NSW,37
2007,11,NT,4
2007,11,QLD,28
2007,11,SA,13
2007,11,TAS,2
2007,11,VIC,26
2007,11,WA,20
2007,12,ACT,1
2007,12,NSW,37
2007,12,NT,10
2007,12,QLD,25
2007,12,SA,14
2007,12,TAS,4
2007,12,VIC,41
2007,12,WA,26
2008,1,ACT,1
2008,1,NSW,28
2008,1,NT,2
2008,1,QLD,28
2008,1,SA,5
2008,1,TAS,5
2008,1,VIC,28
2008,1,WA,15
2008,2,ACT,1
2008,2,NSW,29
2008,2,NT,5
2008,2,QLD,24
2008,2,SA,9
2008,2,TAS,3
2008,2,VIC,20
2008,2,WA,12
2008,3,NSW,29
2008,3,NT,4
2008,3,QLD,28
2008,3,SA,7
2008,3,TAS,7
2008,3,VIC,37
2008,3,WA,22
2008,4,ACT,1
2008,4,NSW,26
2008,4,NT,4
2008,4,QLD,26
2008,4,SA,9
2008,4,TAS,3
2008,4,VIC,25
2008,4,WA,14
2008,5,ACT,2
2008,5,NSW,24
2008,5,NT,10
2008,5,QLD,21
2008,5,SA,5
2008,5,TAS,4
2008,5,VIC,25
2008,5,WA,17
2008,6,ACT,3
2008,6,NSW,30
2008,6,NT,7
2008,6,QLD,31
2008,6,SA,6
2008,6,TAS,5
2008,6,VIC,20
2008,6,WA,22
2008,7,ACT,1
2008,7,NSW,34
2008,7,NT,7
2008,7,QLD,32
2008,7,SA,8
2008,7,TAS,2
2008,7,VIC,27
2008,7,WA,13
2008,8,ACT,3
2008,8,NSW,35
2008,8,NT,10
2008,8,QLD,34
2008,8,SA,11
2008,8,TAS,1
2008,8,VIC,27
2008,8,WA,18
2008,9,ACT,1
2008,9,NSW,33
2008,9,NT,8
2008,9,QLD,25
2008,9,SA,14
2008,9,VIC,18
2008,9,WA,11
2008,10,NSW,39
2008,10,NT,9
2008,10,QLD,26
2008,10,SA,6
2008,10,TAS,2
2008,10,VIC,25
2008,10,WA,18
2008,11,NSW,31
2008,11,NT,5
2008,11,QLD,23
2008,11,SA,9
2008,11,TAS,1
2008,11,VIC,26
2008,11,WA,21
2008,12,ACT,1
2008,12,NSW,36
2008,12,NT,4
2008,12,QLD,30
2008,12,SA,10
2008,12,TAS,6
2008,12,VIC,25
2008,12,WA,22
2009,1,NSW,26
2009,1,NT,2
2009,1,QLD,27
2009,1,SA,6
2009,1,TAS,11
2009,1,VIC,31
2009,1,WA,12
2009,2,NSW,34
2009,2,QLD,26
2009,2,SA,15
2009,2,TAS,4
2009,2,VIC,18
2009,2,WA,20
2009,3,ACT,3
2009,3,NSW,39
2009,3,NT,2
2009,3,QLD,31
2009,3,SA,13
2009,3,TAS,5
2009,3,VIC,23
2009,3,WA,16
2009,4,ACT,1
2009,4,NSW,55
2009,4,NT,2
2009,4,QLD,36
2009,4,SA,7
2009,4,TAS,7
2009,4,VIC,32
2009,4,WA,13
2009,5,ACT,1
2009,5,NSW,36
2009,5,NT,3
2009,5,QLD,27
2009,5,SA,20
2009,5,TAS,7
2009,5,VIC,19
2009,5,WA,17
2009,6,ACT,2
2009,6,NSW,35
2009,6,NT,4
2009,6,QLD,34
2009,6,SA,9
2009,6,TAS,3
2009,6,VIC,30
2009,6,WA,14
2009,7,ACT,1
2009,7,NSW,27
2009,7,NT,3
2009,7,QLD,32
2009,7,SA,5
2009,7,TAS,13
2009,7,VIC,19
2009,7,WA,9
2009,8,NSW,49
2009,8,NT,2
2009,8,QLD,23
2009,8,SA,9
2009,8,TAS,2
2009,8,VIC,21
2009,8,WA,11
2009,9,ACT,2
2009,9,NSW,42
2009,9,NT,4
2009,9,QLD,32
2009,9,SA,11
2009,9,VIC,14
2009,9,WA,8
2009,10,ACT,2
2009,10,NSW,45
2009,10,NT,5
2009,10,QLD,22
2009,10,SA,7
2009,10,TAS,2
2009,10,VIC,28
2009,10,WA,32
2009,11,NSW,30
2009,11,NT,2
2009,11,QLD,22
2009,11,SA,9
2009,11,TAS,2
2009,11,VIC,21
2009,11,WA,21
2009,12,NSW,36
2009,12,NT,2
2009,12,QLD,19
2009,12,SA,8
2009,12,TAS,7
2009,12,VIC,34
2009,12,WA,18
2010,1,ACT,1
2010,1,NSW,43
2010,1,NT,5
2010,1,QLD,15
2010,1,SA,21
2010,1,TAS,4
2010,1,VIC,26
2010,1,WA,11
2010,2,ACT,2
2010,2,NSW,34
2010,2,NT,1
2010,2,QLD,20
2010,2,SA,9
2010,2,TAS,2
2010,2,VIC,25
2010,2,WA,5
2010,3,ACT,5
2010,3,NSW,26
2010,3,NT,3
2010,3,QLD,16
2010,3,SA,10
2010,3,TAS,4
2010,3,VIC,23
2010,3,WA,17
2010,4,ACT,3
2010,4,NSW,43
2010,4,NT,2
2010,4,QLD,20
2010,4,SA,9
2010,4,TAS,1
2010,4,VIC,20
2010,4,WA,17
2010,5,ACT,3
2010,5,NSW,37
2010,5,NT,3
2010,5,QLD,22
2010,5,SA,12
2010,5,TAS,5
2010,5,VIC,31
2010,5,WA,21
2010,6,ACT,1
2010,6,NSW,33
2010,6,NT,3
2010,6,QLD,26
2010,6,SA,8
2010,6,TAS,1
2010,6,VIC,26
2010,6,WA,13
2010,7,ACT,2
2010,7,NSW,23
2010,7,NT,10
2010,7,QLD,23
2010,7,SA,7
2010,7,TAS,2
2010,7,VIC,26
2010,7,WA,14
2010,8,NSW,27
2010,8,NT,7
2010,8,QLD,15
2010,8,SA,7
2010,8,TAS,3
2010,8,VIC,18
2010,8,WA,17
2010,9,ACT,1
2010,9,NSW,37
2010,9,NT,3
2010,9,QLD,25
2010,9,SA,3
2010,9,TAS,1
2010,9,VIC,17
2010,9,WA,17
2010,10,NSW,39
2010,10,NT,4
2010,10,QLD,17
2010,10,SA,12
2010,10,TAS,1
2010,10,VIC,36
2010,10,WA,12
2010,11,NSW,38
2010,11,NT,4
2010,11,QLD,25
2010,11,SA,12
2010,11,TAS,3
2010,11,VIC,12
2010,11,WA,25
2010,12,ACT,1
2010,12,NSW,25
2010,12,NT,5
2010,12,QLD,25
2010,12,SA,8
2010,12,TAS,4
2010,12,VIC,28
2010,12,WA,24
2011,1,ACT,2
2011,1,NSW,28
2011,1,QLD,17
2011,1,SA,12
2011,1,TAS,3
2011,1,VIC,18
2011,1,WA,10
2011,2,NSW,30
2011,2,NT,2
2011,2,QLD,16
2011,2,SA,9
2011,2,TAS,2
2011,2,VIC,20
2011,2,WA,20
2011,3,ACT,4
2011,3,NSW,31
2011,3,QLD,23
2011,3,SA,7
2011,3,TAS,2
2011,3,VIC,34
2011,3,WA,11
2011,4,NSW,25
2011,4,NT,3
2011,4,QLD,23
2011,4,SA,12
2011,4,TAS,2
2011,4,VIC,31
2011,4,WA,19
2011,5,NSW,25
2011,5,NT,2
2011,5,QLD,26
2011,5,SA,11
2011,5,TAS,2
2011,5,VIC,30
2011,5,WA,13
2011,6,NSW,27
2011,6,NT,4
2011,6,QLD,16
2011,6,SA,11
2011,6,TAS,6
2011,6,VIC,24
2011,6,WA,17
2011,7,NSW,29
2011,7,NT,9
2011,7,QLD,25
2011,7,SA,7
2011,7,VIC,25
2011,7,WA,5
2011,8,NSW,38
2011,8,NT,3
2011,8,QLD,29
2011,8,SA,8
2011,8,TAS,1
2011,8,VIC,14
2011,8,WA,17
2011,9,NSW,29
2011,9,NT,5
2011,9,QLD,20
2011,9,SA,6
2011,9,VIC,12
2011,9,WA,17
2011,10,NSW,23
2011,10,NT,5
2011,10,QLD,16
2011,10,SA,7
2011,10,TAS,1
2011,10,VIC,22
2011,10,WA,17
2011,11,NSW,39
2011,11,NT,6
2011,11,QLD,33
2011,11,SA,6
2011,11,TAS,3
2011,11,VIC,30
2011,11,WA,18
2011,12,NSW,40
2011,12,NT,6
2011,12,QLD,25
2011,12,SA,7
2011,12,TAS,2
2011,12,VIC,27
2011,12,WA,15
2012,1,NSW,32
2012,1,NT,3
2012,1,QLD,25
2012,1,SA,6
2012,1,TAS,2
2012,1,VIC,30
2012,1,WA,9
2012,2,NSW,25
2012,2,NT,2
2012,2,QLD,17
2012,2,SA,9
2012,2,TAS,3
2012,2,VIC,20
2012,2,WA,18
2012,3,NSW,33
2012,3,NT,1
2012,3,QLD,15
2012,3,SA,10
2012,3,TAS,1
2012,3,VIC,25
2012,3,WA,16
2012,4,ACT,1
2012,4,NSW,33
2012,4,NT,4
2012,4,QLD,26
2012,4,SA,11
2012,4,TAS,1
2012,4,VIC,19
2012,4,WA,11
2012,5,ACT,2
2012,5,NSW,31
2012,5,NT,3
2012,5,QLD,30
2012,5,SA,5
2012,5,TAS,3
2012,5,VIC,23
2012,5,WA,17
2012,6,ACT,2
2012,6,NSW,34
2012,6,NT,6
2012,6,QLD,17
2012,6,SA,7
2012,6,TAS,2
2012,6,VIC,22
2012,6,WA,17
2012,7,ACT,1
2012,7,NSW,24
2012,7,NT,6
2012,7,QLD,17
2012,7,SA,5
2012,7,TAS,3
2012,7,VIC,17
2012,7,WA,16
2012,8,NSW,36
2012,8,NT,9
2012,8,QLD,33
2012,8,SA,9
2012,8,TAS,2
2012,8,VIC,25
2012,8,WA,12
2012,9,ACT,2
2012,9,NSW,30
2012,9,NT,3
2012,9,QLD,30
2012,9,SA,8
2012,9,TAS,6
2012,9,VIC,17
2012,9,WA,13
2012,10,ACT,1
2012,10,NSW,28
2012,10,NT,3
2012,10,QLD,25
2012,10,SA,5
2012,10,TAS,2
2012,10,VIC,34
2012,10,WA,19
2012,11,ACT,2
2012,11,NSW,35
2012,11,NT,4
2012,11,QLD,23
2012,11,SA,8
2012,11,TAS,1
2012,11,VIC,26
2012,11,WA,19
2012,12,ACT,1
2012,12,NSW,28
2012,12,NT,5
2012,12,QLD,22
2012,12,SA,11
2012,12,TAS,5
2012,12,VIC,24
2012,12,WA,16
2013,1,ACT,1
2013,1,NSW,15
2013,1,NT,2
2013,1,QLD,32
2013,1,SA,11
2013,1,TAS,2
2013,1,VIC,14
2013,1,WA,20
2013,2,NSW,33
2013,2,NT,1
2013,2,QLD,24
2013,2,SA,4
2013,2,TAS,3
2013,2,VIC,24
2013,2,WA,13
2013,3,ACT,3
2013,3,NSW,30
2013,3,QLD,19
2013,3,SA,17
2013,3,TAS,4
2013,3,VIC,24
2013,3,WA,8
2013,4,NSW,26
2013,4,NT,5
2013,4,QLD,24
2013,4,SA,4
2013,4,TAS,1
2013,4,VIC,19
2013,4,WA,6
2013,5,NSW,24
2013,5,NT,4
2013,5,QLD,31
2013,5,SA,5
2013,5,TAS,2
2013,5,VIC,18
2013,5,WA,25
2013,6,NSW,32
2013,6,NT,4
2013,6,QLD,17
2013,6,SA,13
2013,6,TAS,2
2013,6,VIC,13
2013,6,WA,12
2013,7,NSW,26
2013,7,NT,3
2013,7,QLD,18
2013,7,SA,11
2013,7,TAS,2
2013,7,VIC,24
2013,7,WA,13
2013,8,ACT,1
2013,8,NSW,33
2013,8,NT,5
2013,8,QLD,25
2013,8,SA,9
2013,8,TAS,2
2013,8,VIC,20
2013,8,WA,11
2013,9,ACT,1
2013,9,NSW,15
2013,9,NT,4
2013,9,QLD,25
2013,9,SA,3
2013,9,TAS,3
2013,9,VIC,19
2013,9,WA,13
2013,10,NSW,37
2013,10,NT,5
2013,10,QLD,17
2013,10,SA,6
2013,10,TAS,2
2013,10,VIC,15
2013,10,WA,12
2013,11,NSW,34
2013,11,NT,2
2013,11,QLD,20
2013,11,SA,9
2013,11,TAS,6
2013,11,VIC,23
2013,11,WA,13
2013,12,ACT,1
2013,12,NSW,28
2013,12,NT,2
2013,12,QLD,19
2013,12,SA,6
2013,12,TAS,7
2013,12,VIC,30
2013,12,WA,15
2014,1,NSW,34
2014,1,NT,3
2014,1,QLD,18
2014,1,SA,8
2014,1,TAS,2
2014,1,VIC,25
2014,1,WA,7
2014,2,ACT,2
2014,2,NSW,29
2014,2,NT,3
2014,2,QLD,12
2014,2,SA,5
2014,2,TAS,1
2014,2,VIC,21
2014,2,WA,15
2014,3,ACT,2
2014,3,NSW,26
2014,3,NT,3
2014,3,QLD,22
2014,3,SA,12
2014,3,TAS,2
2014,3,VIC,25
2014,3,WA,19
2014,4,NSW,20
2014,4,NT,2
2014,4,QLD,12
2014,4,SA,5
2014,4,TAS,4
2014,4,VIC,14
2014,4,WA,15
2014,5,NSW,30
2014,5,NT,7
2014,5,QLD,22
2014,5,SA,7
2014,5,TAS,4
2014,5,VIC,23
2014,5,WA,9
2014,6,ACT,1
2014,6,NSW,25
2014,6,NT,3
2014,6,QLD,19
2014,6,SA,6
2014,6,TAS,2
2014,6,VIC,17
2014,6,WA,17
2014,7,NSW,19
2014,7,NT,3
2014,7,QLD,19
2014,7,SA,9
2014,7,TAS,4
2014,7,VIC,22
2014,7,WA,17
2014,8,ACT,1
2014,8,NSW,27
2014,8,NT,4
2014,8,QLD,25
2014,8,SA,8
2014,8,TAS,2
2014,8,VIC,21
2014,8,WA,13
2014,9,ACT,2
2014,9,NSW,24
2014,9,NT,2
2014,9,QLD,21
2014,9,SA,11
2014,9,TAS,3
2014,9,VIC,20
2014,9,WA,16
2014,10,NSW,26
2014,10,NT,5
2014,10,QLD,20
2014,10,SA,9
2014,10,TAS,3
2014,10,VIC,19
2014,10,WA,22
2014,11,ACT,1
2014,11,NSW,29
2014,11,NT,2
2014,11,QLD,20
2014,11,SA,8
2014,11,TAS,4
2014,11,VIC,28
2014,11,WA,16
2014,12,ACT,1
2014,12,NSW,18
2014,12,NT,2
2014,12,QLD,13
2014,12,SA,20
2014,12,TAS,2
2014,12,VIC,13
2014,12,WA,16
2015,1,ACT,1
2015,1,NSW,37
2015,1,NT,1
2015,1,QLD,16
2015,1,SA,13
2015,1,TAS,3
2015,1,VIC,24
2015,1,WA,10
2015,2,NSW,16
2015,2,NT,3
2015,2,QLD,10
2015,2,SA,4
2015,2,TAS,5
2015,2,VIC,20
2015,2,WA,14
2015,3,NSW,24
2015,3,NT,4
2015,3,QLD,21
2015,3,SA,3
2015,3,TAS,3
2015,3,VIC,22
2015,3,WA,19
2015,4,ACT,1
2015,4,NSW,24
2015,4,NT,2
2015,4,QLD,29
2015,4,SA,9
2015,4,VIC,22
2015,4,WA,14
2015,5,ACT,2
2015,5,NSW,35
2015,5,NT,5
2015,5,QLD,22
2015,5,SA,8
2015,5,TAS,2
2015,5,VIC,21
2015,5,WA,10
2015,6,ACT,2
2015,6,NSW,25
2015,6,NT,8
2015,6,QLD,19
2015,6,SA,11
2015,6,TAS,2
2015,6,VIC,22
2015,6,WA,12
2015,7,ACT,2
2015,7,NSW,31
2015,7,NT,4
2015,7,QLD,24
2015,7,SA,4
2015,7,TAS,6
2015,7,VIC,18
2015,7,WA,5
2015,8,NSW,40
2015,8,NT,7
2015,8,QLD,18
2015,8,SA,11
2015,8,TAS,1
2015,8,VIC,26
2015,8,WA,21
2015,9,ACT,2
2015,9,NSW,26
2015,9,NT,3
2015,9,QLD,21
2015,9,SA,7
2015,9,TAS,4
2015,9,VIC,14
2015,9,WA,15
2015,10,NSW,32
2015,10,NT,4
2015,10,QLD,26
2015,10,SA,19
2015,10,TAS,5
2015,10,VIC,27
2015,10,WA,12
2015,11,ACT,1
2015,11,NSW,32
2015,11,NT,1
2015,11,QLD,24
2015,11,SA,8
2015,11,TAS,1
2015,11,VIC,17
2015,11,WA,12
2015,12,ACT,4
2015,12,NSW,28
2015,12,NT,7
2015,12,QLD,13
2015,12,SA,5
2015,12,TAS,2
2015,12,VIC,19
2015,12,WA,17
2016,1,NSW,25
2016,1,NT,3
2016,1,QLD,25
2016,1,SA,7
2016,1,TAS,7
2016,1,VIC,21
2016,1,WA,19
2016,2,NSW,32
2016,2,NT,3
2016,2,QLD,16
2016,2,SA,4
2016,2,VIC,33
2016,2,WA,12
2016,3,ACT,1
2016,3,NSW,32
2016,3,NT,3
2016,3,QLD,15
2016,3,SA,8
2016,3,TAS,4
2016,3,VIC,25
2016,3,WA,22
2016,4,NSW,44
2016,4,NT,4
2016,4,QLD,21
2016,4,SA,10
2016,4,TAS,7
2016,4,VIC,16
2016,4,WA,11
2016,5,ACT,2
2016,5,NSW,31
2016,5,NT,4
2016,5,QLD,21
2016,5,SA,7
2016,5,TAS,2
2016,5,VIC,26
2016,5,WA,14
2016,6,NSW,34
2016,6,NT,1
2016,6,QLD,20
2016,6,SA,7
2016,6,TAS,2
2016,6,VIC,23
2016,6,WA,10
2016,7,ACT,2
2016,7,NSW,30
2016,7,NT,5
2016,7,QLD,28
2016,7,SA,4
2016,7,TAS,2
2016,7,VIC,26
2016,7,WA,19
2016,8,NSW,36
2016,8,NT,6
2016,8,QLD,17
2016,8,SA,6
2016,8,VIC,31
2016,8,WA,17
2016,9,ACT,2
2016,9,NSW,32
2016,9,QLD,18
2016,9,SA,7
2016,9,TAS,5
2016,9,VIC,17
2016,9,WA,12
2016,10,ACT,2
2016,10,NSW,31
2016,10,NT,7
2016,10,QLD,20
2016,10,SA,10
2016,10,TAS,4
2016,10,VIC,22
2016,10,WA,21
2016,11,ACT,1
2016,11,NSW,25
2016,11,NT,5
2016,11,QLD,20
2016,11,SA,10
2016,11,TAS,1
2016,11,VIC,25
2016,11,WA,17
2016,12,NSW,28
2016,12,NT,4
2016,12,QLD,30
2016,12,SA,6
2016,12,TAS,3
2016,12,VIC,25
2016,12,WA,21
2017,1,ACT,1
2017,1,NSW,30
2017,1,NT,3
2017,1,QLD,23
2017,1,SA,5
2017,1,TAS,2
2017,1,VIC,17
2017,1,WA,16
2017,2,ACT,1
2017,2,NSW,18
2017,2,NT,3
2017,2,QLD,18
2017,2,SA,4
2017,2,TAS,1
2017,2,VIC,18
2017,2,WA,7
2017,3,ACT,1
2017,3,NSW,28
2017,3,NT,2
2017,3,QLD,14
2017,3,SA,8
2017,3,TAS,3
2017,3,VIC,22
2017,3,WA,15
2017,4,NSW,31
2017,4,NT,3
2017,4,QLD,12
2017,4,SA,8
2017,4,TAS,1
2017,4,VIC,28
2017,4,WA,19
2017,5,ACT,1
2017,5,NSW,35
2017,5,NT,1
2017,5,QLD,24
2017,5,SA,5
2017,5,TAS,5
2017,5,VIC,21
2017,5,WA,7
2017,6,NSW,31
2017,6,NT,5
2017,6,QLD,27
2017,6,SA,9
2017,6,TAS,5
2017,6,VIC,15
2017,6,WA,12
2017,7,NSW,40
2017,7,NT,3
2017,7,QLD,23
2017,7,SA,11
2017,7,TAS,2
2017,7,VIC,21
2017,7,WA,11
2017,8,NSW,41
2017,8,QLD,17
2017,8,SA,15
2017,8,TAS,2
2017,8,VIC,26
2017,8,WA,11
2017,9,NSW,29
2017,9,NT,2
2017,9,QLD,29
2017,9,SA,6
2017,9,TAS,1
2017,9,VIC,18
2017,9,WA,13
2017,10,NSW,28
2017,10,NT,4
2017,10,QLD,22
2017,10,SA,9
2017,10,TAS,4
2017,10,VIC,12
2017,10,WA,16
2017,11,ACT,1
2017,11,NSW,38
2017,11,NT,1
2017,11,QLD,14
2017,11,SA,11
2017,11,TAS,3
2017,11,VIC,32
2017,11,WA,12
2017,12,NSW,40
2017,12,NT,4
2017,12,QLD,24
2017,12,SA,9
2017,12,TAS,3
2017,12,VIC,29
2017,12,WA,21
2018,1,ACT,1
2018,1,NSW,37
2018,1,NT,3
2018,1,QLD,16
2018,1,SA,5
2018,1,TAS,6
2018,1,VIC,20
2018,1,WA,13
2018,2,ACT,2
2018,2,NSW,32
2018,2,NT,3
2018,2,QLD,19
2018,2,SA,3
2018,2,TAS,2
2018,2,VIC,15
2018,2,WA,10
2018,3,NSW,24
2018,3,NT,9
2018,3,QLD,29
2018,3,SA,11
2018,3,TAS,4
2018,3,VIC,21
2018,3,WA,15
2018,4,ACT,1
2018,4,NSW,31
2018,4,NT,3
2018,4,QLD,16
2018,4,SA,7
2018,4,TAS,1
2018,4,VIC,9
2018,4,WA,20
2018,5,ACT,2
2018,5,NSW,25
2018,5,NT,5
2018,5,QLD,14
2018,5,SA,7
2018,5,TAS,2
2018,5,VIC,23
2018,5,WA,12
2018,6,NSW,21
2018,6,NT,5
2018,6,QLD,23
2018,6,SA,5
2018,6,TAS,1
2018,6,VIC,12
2018,6,WA,11
2018,7,ACT,1
2018,7,NSW,31
2018,7,NT,3
2018,7,QLD,29
2018,7,SA,4
2018,7,TAS,2
2018,7,VIC,15
2018,7,WA,11
2018,8,NSW,38
2018,8,NT,3
2018,8,QLD,26
2018,8,SA,3
2018,8,TAS,2
2018,8,VIC,18
2018,8,WA,14
2018,9,ACT,1
2018,9,NSW,34
2018,9,NT,2
2018,9,QLD,20
2018,9,SA,10
2018,9,TAS,5
2018,9,VIC,19
2018,9,WA,15
2018,10,ACT,1
2018,10,NSW,21
2018,10,NT,8
2018,10,QLD,11
2018,10,SA,4
2018,10,VIC,21
2018,10,WA,8
2018,11,NSW,25
2018,11,NT,3
2018,11,QLD,18
2018,11,SA,12
2018,11,TAS,3
2018,11,VIC,23
2018,11,WA,15
2018,12,NSW,28
2018,12,NT,3
2018,12,QLD,24
2018,12,SA,9
2018,12,TAS,4
2018,12,VIC,17
2018,12,WA,15
2019,1,ACT,1
2019,1,NSW,38
2019,1,NT,5
2019,1,QLD,15
2019,1,SA,14
2019,1,TAS,1
2019,1,VIC,22
2019,1,WA,20
2019,2,NSW,28
2019,2,NT,1
2019,2,QLD,10
2019,2,SA,3
2019,2,TAS,3
2019,2,VIC,33
2019,2,WA,13
2019,3,NSW,41
2019,3,NT,1
2019,3,QLD,23
2019,3,SA,13
2019,3,TAS,4
2019,3,VIC,20
2019,3,WA,11
2019,4,NSW,28
2019,4,NT,3
2019,4,QLD,14
2019,4,SA,11
2019,4,TAS,3
2019,4,VIC,24
2019,4,WA,15
2019,5,NSW,20
2019,5,NT,3
2019,5,QLD,22
2019,5,SA,12
2019,5,TAS,2
2019,5,VIC,33
2019,5,WA,14
2019,6,ACT,2
2019,6,NSW,26
2019,6,NT,2
2019,6,QLD,15
2019,6,SA,8
2019,6,TAS,3
2019,6,VIC,18
2019,6,WA,19
2019,7,NSW,23
2019,7,NT,4
2019,7,QLD,19
2019,7,SA,8
2019,7,TAS,3
2019,7,VIC,17
2019,7,WA,10
2019,8,NSW,31
2019,8,NT,3
2019,8,QLD,23
2019,8,SA,8
2019,8,TAS,2
2019,8,VIC,16
2019,8,WA,16
2019,9,ACT,1
2019,9,NSW,33
2019,9,NT,1
2019,9,QLD,22
2019,9,SA,3
2019,9,TAS,2
2019,9,VIC,18
2019,9,WA,11
2019,10,ACT,1
2019,10,NSW,29
2019,10,NT,1
2019,10,QLD,25
2019,10,SA,8
2019,10,TAS,2
2019,10,VIC,26
2019,10,WA,9
2019,11,NSW,27
2019,11,QLD,15
2019,11,SA,13
2019,11,TAS,1
2019,11,VIC,18
2019,11,WA,10
2019,12,ACT,1
2019,12,NSW,29
2019,12,NT,12
2019,12,QLD,16
2019,12,SA,13
2019,12,TAS,3
2019,12,VIC,21
2019,12,WA,15
2020,1,NSW,23
2020,1,NT,1
2020,1,QLD,10
2020,1,SA,8
2020,1,TAS,6
2020,1,VIC,23
2020,1,WA,11
2020,2,NSW,30
2020,2,NT,4
2020,2,QLD,15
2020,2,SA,8
2020,2,TAS,6
2020,2,VIC,18
2020,2,WA,12
2020,3,NSW,24
2020,3,NT,1
2020,3,QLD,23
2020,3,SA,14
2020,3,TAS,3
2020,3,VIC,26
2020,3,WA,11
2020,4,ACT,2
2020,4,NSW,23
2020,4,NT,1
2020,4,QLD,20
2020,4,SA,7
2020,4,TAS,1
2020,4,VIC,17
2020,4,WA,9
2020,5,NSW,20
2020,5,NT,1
2020,5,QLD,22
2020,5,SA,7
2020,5,TAS,2
2020,5,VIC,15
2020,5,WA,15
2020,6,NSW,22
2020,6,NT,3
2020,6,QLD,27
2020,6,SA,2
2020,6,VIC,16
2020,6,WA,12
2020,7,ACT,1
2020,7,NSW,24
2020,7,NT,4
2020,7,QLD,25
2020,7,SA,10
2020,7,TAS,3
2020,7,VIC,15
2020,7,WA,14
2020,8,NSW,26
2020,8,NT,5
2020,8,QLD,27
2020,8,SA,5
2020,8,TAS,6
2020,8,VIC,14
2020,8,WA,13
2020,9,ACT,2
2020,9,NSW,29
2020,9,QLD,25
2020,9,SA,3
2020,9,VIC,14
2020,9,WA,10
2020,10,ACT,1
2020,10,NSW,17
2020,10,NT,3
2020,10,QLD,30
2020,10,SA,7
2020,10,TAS,6
2020,10,VIC,22
2020,10,WA,18
2020,11,NSW,24
2020,11,NT,3
2020,11,QLD,24
2020,11,SA,14
2020,11,TAS,3
2020,11,VIC,15
2020,11,WA,19
2020,12,ACT,1
2020,12,NSW,22
2020,12,NT,5
2020,12,QLD,30
2020,12,SA,8
2020,12,TAS,2
2020,12,VIC,16
2020,12,WA,11
2021,1,ACT,1
2021,1,NSW,24
2021,1,NT,3
2021,1,QLD,20
2021,1,SA,8
2021,1,TAS,2
2021,1,VIC,14
2021,1,WA,25
2021,2,ACT,2
2021,2,NSW,26
2021,2,QLD,28
2021,2,SA,9
2021,2,TAS,1
2021,2,VIC,21
2021,2,WA,8
2021,3,ACT,1
2021,3,NSW,20
2021,3,NT,2
2021,3,QLD,28
2021,3,SA,14
2021,3,VIC,24
2021,3,WA,11
2021,4,ACT,1
2021,4,NSW,25
2021,4,NT,2
2021,4,QLD,17
2021,4,SA,8
2021,4,TAS,6
2021,4,VIC,14
2021,4,WA,12
2021,5,NSW,21
2021,5,NT,4
2021,5,QLD,16
2021,5,SA,5
2021,5,TAS,3
2021,5,VIC,14
2021,5,WA,16
2021,6,ACT,1
2021,6,NSW,29
2021,6,NT,6
2021,6,QLD,26
2021,6,SA,8
2021,6,TAS,2
2021,6,VIC,20
2021,6,WA,12
2021,7,ACT,1
2021,7,NSW,18
2021,7,NT,5
2021,7,QLD,32
2021,7,SA,9
2021,7,TAS,7
2021,7,VIC,20
2021,7,WA,15
2021,8,ACT,1
2021,8,NSW,16
2021,8,NT,3
2021,8,QLD,22
2021,8,SA,4
2021,8,TAS,5
2021,8,VIC,17
2021,8,WA,11
2021,9,ACT,1
2021,9,NSW,16
2021,9,NT,1
2021,9,QLD,16
2021,9,SA,8
2021,9,TAS,3
2021,9,VIC,21
2021,9,WA,18
2021,10,NSW,26
2021,10,NT,3
2021,10,QLD,36
2021,10,SA,10
2021,10,TAS,1
2021,10,VIC,18
2021,10,WA,10
2021,11,NSW,22
2021,11,NT,1
2021,11,QLD,22
2021,11,SA,9
2021,11,TAS,2
2021,11,VIC,24
2021,11,WA,14
2021,12,ACT,2
2021,12,NSW,32
2021,12,NT,5
2021,12,QLD,14
2021,12,SA,7
2021,12,TAS,4
2021,12,VIC,24
2021,12,WA,14
2022,1,ACT,2
2022,1,NSW,28
2022,1,NT,3
2022,1,QLD,19
2022,1,SA,4
2022,1,TAS,3
2022,1,VIC,23
2022,1,WA,10
2022,2,ACT,1
2022,2,NSW,26
2022,2,NT,7
2022,2,QLD,35
2022,2,SA,8
2022,2,TAS,3
2022,2,VIC,24
2022,2,WA,7
2022,3,NSW,28
2022,3,NT,3
2022,3,QLD,21
2022,3,SA,5
2022,3,TAS,6
2022,3,VIC,17
2022,3,WA,15
2022,4,ACT,2
2022,4,NSW,27
2022,4,NT,4
2022,4,QLD,18
2022,4,SA,9
2022,4,TAS,7
2022,4,VIC,19
2022,4,WA,16
2022,5,ACT,4
2022,5,NSW,21
2022,5,NT,5
2022,5,QLD,35
2022,5,SA,7
2022,5,TAS,8
2022,5,VIC,14
2022,5,WA,10
2022,6,ACT,1
2022,6,NSW,20
2022,6,NT,5
2022,6,QLD,22
2022,6,SA,5
2022,6,TAS,3
2022,6,VIC,22
2022,6,WA,15
2022,7,NSW,12
2022,7,NT,4
2022,7,QLD,21
2022,7,SA,5
2022,7,TAS,4
2022,7,VIC,20
2022,7,WA,10
2022,8,ACT,1
2022,8,NSW,15
2022,8,NT,8
2022,8,QLD,26
2022,8,SA,5
2022,8,TAS,4
2022,8,VIC,19
2022,8,WA,17
2022,9,ACT,1
2022,9,NSW,33
2022,9,NT,1
2022,9,QLD,25
2022,9,SA,7
2022,9,TAS,3
2022,9,VIC,28
2022,9,WA,20
2022,10,ACT,6
2022,10,NSW,20
2022,10,NT,4
2022,10,QLD,18
2022,10,SA,3
2022,10,TAS,5
2022,10,VIC,19
2022,10,WA,14
2022,11,NSW,24
2022,11,NT,2
2022,11,QLD,30
2022,11,SA,5
2022,11,TAS,4
2022,11,VIC,20
2022,11,WA,17
2022,12,NSW,27
2022,12,NT,1
2022,12,QLD,27
2022,12,SA,8
2022,12,TAS,1
2022,12,VIC,15
2022,12,WA,24
2023,1,ACT,1
2023,1,NSW,22
2023,1,NT,1
2023,1,QLD,23
2023,1,SA,11
2023,1,TAS,3
2023,1,VIC,32
2023,1,WA,13
2023,2,ACT,1
2023,2,NSW,21
2023,2,QLD,16
2023,2,SA,13
2023,2,TAS,3
2023,2,VIC,26
2023,2,WA,9
2023,3,NSW,35
2023,3,NT,2
2023,3,QLD,19
2023,3,SA,17
2023,3,TAS,2
2023,3,VIC,21
2023,3,WA,16
2023,4,NSW,34
2023,4,NT,1
2023,4,QLD,18
2023,4,SA,6
2023,4,TAS,2
2023,4,VIC,20
2023,4,WA,11
2023,5,NSW,23
2023,5,QLD,28
2023,5,SA,11
2023,5,TAS,3
2023,5,VIC,29
2023,5,WA,14
2023,6,NSW,34
2023,6,NT,2
2023,6,QLD,22
2023,6,SA,3
2023,6,TAS,4
2023,6,VIC,16
2023,6,WA,10
2023,7,ACT,1
2023,7,NSW,36
2023,7,NT,1
2023,7,QLD,30
2023,7,SA,10
2023,7,TAS,1
2023,7,VIC,24
2023,7,WA,11
2023,8,NSW,30
2023,8,NT,2
2023,8,QLD,29
2023,8,SA,6
2023,8,TAS,3
2023,8,VIC,21
2023,8,WA,14
2023,9,NSW,34
2023,9,NT,10
2023,9,QLD,31
2023,9,SA,11
2023,9,TAS,2
2023,9,VIC,26
2023,9,WA,16
2023,10,NSW,29
2023,10,NT,6
2023,10,QLD,13
2023,10,SA,8
2023,10,TAS,5
2023,10,VIC,23
2023,10,WA,11
